employee_id,date,is_present,check_in,check_out,total_hours,attendance_status
EMP001,2024-10-31,True,2024-10-31 07:22:07.049226,2024-10-31 15:22:07.049226,8.0,Regular
EMP002,2024-10-31,True,2024-10-31 06:21:07.049226,2024-10-31 13:21:07.049226,7.0,Partial
EMP003,2024-10-31,True,2024-10-31 09:33:07.049226,2024-10-31 18:33:07.049226,9.0,Regular
EMP004,2024-10-31,True,2024-10-31 09:06:07.049226,2024-10-31 17:06:07.049226,8.0,Regular
EMP005,2024-10-31,True,2024-10-31 09:36:07.049226,2024-10-31 16:36:07.049226,7.0,Partial
EMP006,2024-10-31,True,2024-10-31 06:05:07.049226,2024-10-31 13:05:07.049226,7.0,Partial
EMP007,2024-10-31,True,2024-10-31 07:51:07.049226,2024-10-31 16:51:07.049226,9.0,Regular
EMP008,2024-10-31,True,2024-10-31 08:38:07.049226,2024-10-31 16:38:07.049226,8.0,Regular
EMP009,2024-10-31,True,2024-10-31 09:47:07.049226,2024-10-31 18:47:07.049226,9.0,Regular
EMP010,2024-10-31,True,2024-10-31 09:22:07.049226,2024-10-31 16:22:07.049226,7.0,Partial
EMP011,2024-10-31,True,2024-10-31 07:40:07.049226,2024-10-31 15:40:07.049226,8.0,Regular
EMP012,2024-10-31,True,2024-10-31 06:40:07.049226,2024-10-31 14:40:07.049226,8.0,Regular
EMP013,2024-10-31,True,2024-10-31 08:01:07.049226,2024-10-31 15:01:07.049226,7.0,Partial
EMP014,2024-10-31,True,2024-10-31 09:40:07.049226,2024-10-31 16:40:07.049226,7.0,Partial
EMP015,2024-10-31,True,2024-10-31 09:30:07.049226,2024-10-31 16:30:07.049226,7.0,Partial
EMP016,2024-10-31,True,2024-10-31 08:38:07.049226,2024-10-31 15:38:07.049226,7.0,Partial
EMP017,2024-10-31,True,2024-10-31 06:09:07.049226,2024-10-31 13:09:07.049226,7.0,Partial
EMP018,2024-10-31,True,2024-10-31 08:01:07.049226,2024-10-31 15:01:07.049226,7.0,Partial
EMP019,2024-10-31,True,2024-10-31 06:00:07.049226,2024-10-31 14:00:07.049226,8.0,Regular
EMP020,2024-10-31,True,2024-10-31 09:00:07.049226,2024-10-31 16:00:07.049226,7.0,Partial
EMP001,2024-11-01,True,2024-11-01 09:45:07.049226,2024-11-01 18:45:07.049226,9.0,Regular
EMP002,2024-11-01,True,2024-11-01 08:28:07.049226,2024-11-01 16:28:07.049226,8.0,Regular
EMP003,2024-11-01,False,,,0.0,Absent
EMP004,2024-11-01,False,,,0.0,Absent
EMP005,2024-11-01,True,2024-11-01 09:09:07.049226,2024-11-01 17:09:07.049226,8.0,Regular
EMP006,2024-11-01,True,2024-11-01 08:09:07.049226,2024-11-01 16:09:07.049226,8.0,Regular
EMP007,2024-11-01,True,2024-11-01 06:20:07.049226,2024-11-01 13:20:07.049226,7.0,Partial
EMP008,2024-11-01,False,,,0.0,Absent
EMP009,2024-11-01,True,2024-11-01 07:12:07.049226,2024-11-01 15:12:07.049226,8.0,Regular
EMP010,2024-11-01,True,2024-11-01 07:02:07.049226,2024-11-01 14:02:07.049226,7.0,Partial
EMP011,2024-11-01,True,2024-11-01 09:38:07.049226,2024-11-01 17:38:07.049226,8.0,Regular
EMP012,2024-11-01,True,2024-11-01 09:46:07.049226,2024-11-01 17:46:07.049226,8.0,Regular
EMP013,2024-11-01,True,2024-11-01 07:31:07.049226,2024-11-01 16:31:07.049226,9.0,Regular
EMP014,2024-11-01,True,2024-11-01 08:42:07.049226,2024-11-01 17:42:07.049226,9.0,Regular
EMP015,2024-11-01,True,2024-11-01 09:47:07.049226,2024-11-01 18:47:07.049226,9.0,Regular
EMP016,2024-11-01,True,2024-11-01 09:22:07.049226,2024-11-01 17:22:07.049226,8.0,Regular
EMP017,2024-11-01,True,2024-11-01 06:27:07.049226,2024-11-01 13:27:07.049226,7.0,Partial
EMP018,2024-11-01,True,2024-11-01 06:21:07.049226,2024-11-01 15:21:07.049226,9.0,Regular
EMP019,2024-11-01,True,2024-11-01 07:58:07.049226,2024-11-01 16:58:07.049226,9.0,Regular
EMP020,2024-11-01,True,2024-11-01 07:27:07.049226,2024-11-01 16:27:07.049226,9.0,Regular
EMP001,2024-11-02,True,2024-11-02 07:56:07.049226,2024-11-02 15:56:07.049226,8.0,Regular
EMP002,2024-11-02,True,2024-11-02 07:22:07.049226,2024-11-02 14:22:07.049226,7.0,Partial
EMP003,2024-11-02,True,2024-11-02 06:54:07.049226,2024-11-02 14:54:07.049226,8.0,Regular
EMP004,2024-11-02,True,2024-11-02 08:35:07.049226,2024-11-02 15:35:07.049226,7.0,Partial
EMP005,2024-11-02,True,2024-11-02 08:53:07.049226,2024-11-02 16:53:07.049226,8.0,Regular
EMP006,2024-11-02,True,2024-11-02 09:04:07.049226,2024-11-02 18:04:07.049226,9.0,Regular
EMP007,2024-11-02,True,2024-11-02 09:02:07.049226,2024-11-02 17:02:07.049226,8.0,Regular
EMP008,2024-11-02,True,2024-11-02 07:11:07.049226,2024-11-02 14:11:07.049226,7.0,Partial
EMP009,2024-11-02,True,2024-11-02 09:48:07.049226,2024-11-02 16:48:07.049226,7.0,Partial
EMP010,2024-11-02,True,2024-11-02 06:36:07.049226,2024-11-02 14:36:07.049226,8.0,Regular
EMP011,2024-11-02,True,2024-11-02 08:34:07.049226,2024-11-02 15:34:07.049226,7.0,Partial
EMP012,2024-11-02,True,2024-11-02 08:10:07.049226,2024-11-02 17:10:07.049226,9.0,Regular
EMP013,2024-11-02,False,,,0.0,Absent
EMP014,2024-11-02,True,2024-11-02 07:57:07.049226,2024-11-02 16:57:07.049226,9.0,Regular
EMP015,2024-11-02,True,2024-11-02 07:26:07.049226,2024-11-02 15:26:07.049226,8.0,Regular
EMP016,2024-11-02,True,2024-11-02 08:10:07.049226,2024-11-02 15:10:07.049226,7.0,Partial
EMP017,2024-11-02,True,2024-11-02 08:42:07.049226,2024-11-02 15:42:07.049226,7.0,Partial
EMP018,2024-11-02,True,2024-11-02 09:45:07.049226,2024-11-02 16:45:07.049226,7.0,Partial
EMP019,2024-11-02,True,2024-11-02 09:55:07.049226,2024-11-02 17:55:07.049226,8.0,Regular
EMP020,2024-11-02,True,2024-11-02 06:51:07.049226,2024-11-02 13:51:07.049226,7.0,Partial
EMP001,2024-11-03,True,2024-11-03 09:02:07.049226,2024-11-03 18:02:07.049226,9.0,Regular
EMP002,2024-11-03,False,,,0.0,Absent
EMP003,2024-11-03,True,2024-11-03 06:13:07.049226,2024-11-03 13:13:07.049226,7.0,Partial
EMP004,2024-11-03,True,2024-11-03 09:49:07.049226,2024-11-03 18:49:07.049226,9.0,Regular
EMP005,2024-11-03,True,2024-11-03 06:48:07.049226,2024-11-03 15:48:07.049226,9.0,Regular
EMP006,2024-11-03,True,2024-11-03 06:35:07.049226,2024-11-03 14:35:07.049226,8.0,Regular
EMP007,2024-11-03,True,2024-11-03 06:09:07.049226,2024-11-03 13:09:07.049226,7.0,Partial
EMP008,2024-11-03,False,,,0.0,Absent
EMP009,2024-11-03,True,2024-11-03 09:50:07.049226,2024-11-03 17:50:07.049226,8.0,Regular
EMP010,2024-11-03,True,2024-11-03 07:44:07.049226,2024-11-03 14:44:07.049226,7.0,Partial
EMP011,2024-11-03,True,2024-11-03 09:23:07.049226,2024-11-03 17:23:07.049226,8.0,Regular
EMP012,2024-11-03,True,2024-11-03 09:51:07.049226,2024-11-03 18:51:07.049226,9.0,Regular
EMP013,2024-11-03,True,2024-11-03 06:09:07.049226,2024-11-03 13:09:07.049226,7.0,Partial
EMP014,2024-11-03,True,2024-11-03 09:20:07.049226,2024-11-03 16:20:07.049226,7.0,Partial
EMP015,2024-11-03,True,2024-11-03 06:07:07.049226,2024-11-03 13:07:07.049226,7.0,Partial
EMP016,2024-11-03,True,2024-11-03 09:13:07.049226,2024-11-03 17:13:07.049226,8.0,Regular
EMP017,2024-11-03,True,2024-11-03 09:16:07.049226,2024-11-03 17:16:07.049226,8.0,Regular
EMP018,2024-11-03,True,2024-11-03 08:01:07.049226,2024-11-03 15:01:07.049226,7.0,Partial
EMP019,2024-11-03,True,2024-11-03 06:02:07.049226,2024-11-03 15:02:07.049226,9.0,Regular
EMP020,2024-11-03,True,2024-11-03 08:44:07.049226,2024-11-03 17:44:07.049226,9.0,Regular
EMP001,2024-11-04,False,,,0.0,Absent
EMP002,2024-11-04,True,2024-11-04 08:20:07.049226,2024-11-04 15:20:07.049226,7.0,Partial
EMP003,2024-11-04,True,2024-11-04 08:57:07.049226,2024-11-04 16:57:07.049226,8.0,Regular
EMP004,2024-11-04,False,,,0.0,Absent
EMP005,2024-11-04,False,,,0.0,Absent
EMP006,2024-11-04,True,2024-11-04 07:26:07.049226,2024-11-04 15:26:07.049226,8.0,Regular
EMP007,2024-11-04,True,2024-11-04 07:32:07.049226,2024-11-04 16:32:07.049226,9.0,Regular
EMP008,2024-11-04,True,2024-11-04 08:19:07.049226,2024-11-04 15:19:07.049226,7.0,Partial
EMP009,2024-11-04,True,2024-11-04 09:56:07.049226,2024-11-04 16:56:07.049226,7.0,Partial
EMP010,2024-11-04,True,2024-11-04 06:28:07.049226,2024-11-04 15:28:07.049226,9.0,Regular
EMP011,2024-11-04,True,2024-11-04 06:23:07.049226,2024-11-04 15:23:07.049226,9.0,Regular
EMP012,2024-11-04,False,,,0.0,Absent
EMP013,2024-11-04,True,2024-11-04 06:51:07.049226,2024-11-04 14:51:07.049226,8.0,Regular
EMP014,2024-11-04,True,2024-11-04 07:03:07.049226,2024-11-04 15:03:07.049226,8.0,Regular
EMP015,2024-11-04,True,2024-11-04 07:27:07.049226,2024-11-04 14:27:07.049226,7.0,Partial
EMP016,2024-11-04,True,2024-11-04 07:55:07.049226,2024-11-04 16:55:07.049226,9.0,Regular
EMP017,2024-11-04,True,2024-11-04 08:45:07.049226,2024-11-04 15:45:07.049226,7.0,Partial
EMP018,2024-11-04,True,2024-11-04 09:43:07.049226,2024-11-04 18:43:07.049226,9.0,Regular
EMP019,2024-11-04,True,2024-11-04 07:57:07.049226,2024-11-04 15:57:07.049226,8.0,Regular
EMP020,2024-11-04,True,2024-11-04 09:08:07.049226,2024-11-04 16:08:07.049226,7.0,Partial
EMP001,2024-11-05,True,2024-11-05 07:30:07.049226,2024-11-05 15:30:07.049226,8.0,Regular
EMP002,2024-11-05,True,2024-11-05 07:11:07.049226,2024-11-05 15:11:07.049226,8.0,Regular
EMP003,2024-11-05,True,2024-11-05 09:44:07.049226,2024-11-05 16:44:07.049226,7.0,Partial
EMP004,2024-11-05,False,,,0.0,Absent
EMP005,2024-11-05,True,2024-11-05 07:19:07.049226,2024-11-05 16:19:07.049226,9.0,Regular
EMP006,2024-11-05,True,2024-11-05 07:44:07.049226,2024-11-05 14:44:07.049226,7.0,Partial
EMP007,2024-11-05,True,2024-11-05 08:15:07.049226,2024-11-05 16:15:07.049226,8.0,Regular
EMP008,2024-11-05,True,2024-11-05 06:56:07.049226,2024-11-05 14:56:07.049226,8.0,Regular
EMP009,2024-11-05,True,2024-11-05 06:27:07.049226,2024-11-05 14:27:07.049226,8.0,Regular
EMP010,2024-11-05,True,2024-11-05 09:47:07.049226,2024-11-05 16:47:07.049226,7.0,Partial
EMP011,2024-11-05,True,2024-11-05 07:37:07.049226,2024-11-05 14:37:07.049226,7.0,Partial
EMP012,2024-11-05,True,2024-11-05 06:19:07.049226,2024-11-05 13:19:07.049226,7.0,Partial
EMP013,2024-11-05,True,2024-11-05 06:36:07.049226,2024-11-05 14:36:07.049226,8.0,Regular
EMP014,2024-11-05,True,2024-11-05 08:11:07.049226,2024-11-05 17:11:07.049226,9.0,Regular
EMP015,2024-11-05,True,2024-11-05 09:45:07.049226,2024-11-05 17:45:07.049226,8.0,Regular
EMP016,2024-11-05,True,2024-11-05 08:46:07.049226,2024-11-05 15:46:07.049226,7.0,Partial
EMP017,2024-11-05,True,2024-11-05 08:29:07.049226,2024-11-05 17:29:07.049226,9.0,Regular
EMP018,2024-11-05,True,2024-11-05 06:31:07.049226,2024-11-05 15:31:07.049226,9.0,Regular
EMP019,2024-11-05,True,2024-11-05 08:35:07.049226,2024-11-05 15:35:07.049226,7.0,Partial
EMP020,2024-11-05,True,2024-11-05 06:37:07.049226,2024-11-05 15:37:07.049226,9.0,Regular
EMP001,2024-11-06,True,2024-11-06 06:14:07.049226,2024-11-06 13:14:07.049226,7.0,Partial
EMP002,2024-11-06,True,2024-11-06 06:48:07.049226,2024-11-06 13:48:07.049226,7.0,Partial
EMP003,2024-11-06,True,2024-11-06 06:06:07.049226,2024-11-06 15:06:07.049226,9.0,Regular
EMP004,2024-11-06,True,2024-11-06 08:02:07.049226,2024-11-06 15:02:07.049226,7.0,Partial
EMP005,2024-11-06,True,2024-11-06 06:41:07.049226,2024-11-06 15:41:07.049226,9.0,Regular
EMP006,2024-11-06,True,2024-11-06 08:52:07.049226,2024-11-06 16:52:07.049226,8.0,Regular
EMP007,2024-11-06,True,2024-11-06 07:13:07.049226,2024-11-06 14:13:07.049226,7.0,Partial
EMP008,2024-11-06,True,2024-11-06 08:09:07.049226,2024-11-06 15:09:07.049226,7.0,Partial
EMP009,2024-11-06,True,2024-11-06 09:03:07.049226,2024-11-06 16:03:07.049226,7.0,Partial
EMP010,2024-11-06,True,2024-11-06 07:06:07.049226,2024-11-06 15:06:07.049226,8.0,Regular
EMP011,2024-11-06,True,2024-11-06 07:18:07.049226,2024-11-06 14:18:07.049226,7.0,Partial
EMP012,2024-11-06,True,2024-11-06 06:56:07.049226,2024-11-06 15:56:07.049226,9.0,Regular
EMP013,2024-11-06,True,2024-11-06 08:48:07.049226,2024-11-06 15:48:07.049226,7.0,Partial
EMP014,2024-11-06,False,,,0.0,Absent
EMP015,2024-11-06,False,,,0.0,Absent
EMP016,2024-11-06,True,2024-11-06 06:14:07.049226,2024-11-06 14:14:07.049226,8.0,Regular
EMP017,2024-11-06,True,2024-11-06 08:38:07.049226,2024-11-06 16:38:07.049226,8.0,Regular
EMP018,2024-11-06,True,2024-11-06 09:24:07.049226,2024-11-06 16:24:07.049226,7.0,Partial
EMP019,2024-11-06,True,2024-11-06 09:20:07.049226,2024-11-06 17:20:07.049226,8.0,Regular
EMP020,2024-11-06,True,2024-11-06 07:29:07.049226,2024-11-06 15:29:07.049226,8.0,Regular
EMP001,2024-11-07,True,2024-11-07 06:50:07.049226,2024-11-07 15:50:07.049226,9.0,Regular
EMP002,2024-11-07,False,,,0.0,Absent
EMP003,2024-11-07,True,2024-11-07 08:32:07.049226,2024-11-07 17:32:07.049226,9.0,Regular
EMP004,2024-11-07,True,2024-11-07 09:25:07.049226,2024-11-07 16:25:07.049226,7.0,Partial
EMP005,2024-11-07,True,2024-11-07 09:54:07.049226,2024-11-07 17:54:07.049226,8.0,Regular
EMP006,2024-11-07,True,2024-11-07 08:45:07.049226,2024-11-07 15:45:07.049226,7.0,Partial
EMP007,2024-11-07,True,2024-11-07 07:26:07.049226,2024-11-07 15:26:07.049226,8.0,Regular
EMP008,2024-11-07,True,2024-11-07 06:33:07.049226,2024-11-07 15:33:07.049226,9.0,Regular
EMP009,2024-11-07,True,2024-11-07 07:17:07.049226,2024-11-07 15:17:07.049226,8.0,Regular
EMP010,2024-11-07,True,2024-11-07 06:37:07.049226,2024-11-07 14:37:07.049226,8.0,Regular
EMP011,2024-11-07,False,,,0.0,Absent
EMP012,2024-11-07,False,,,0.0,Absent
EMP013,2024-11-07,True,2024-11-07 07:16:07.049226,2024-11-07 16:16:07.049226,9.0,Regular
EMP014,2024-11-07,True,2024-11-07 08:23:07.049226,2024-11-07 17:23:07.049226,9.0,Regular
EMP015,2024-11-07,True,2024-11-07 09:32:07.049226,2024-11-07 16:32:07.049226,7.0,Partial
EMP016,2024-11-07,False,,,0.0,Absent
EMP017,2024-11-07,True,2024-11-07 09:50:07.049226,2024-11-07 18:50:07.049226,9.0,Regular
EMP018,2024-11-07,False,,,0.0,Absent
EMP019,2024-11-07,True,2024-11-07 08:47:07.049226,2024-11-07 16:47:07.049226,8.0,Regular
EMP020,2024-11-07,True,2024-11-07 06:32:07.049226,2024-11-07 14:32:07.049226,8.0,Regular
EMP001,2024-11-08,True,2024-11-08 08:02:07.049226,2024-11-08 17:02:07.049226,9.0,Regular
EMP002,2024-11-08,False,,,0.0,Absent
EMP003,2024-11-08,True,2024-11-08 09:30:07.049226,2024-11-08 16:30:07.049226,7.0,Partial
EMP004,2024-11-08,True,2024-11-08 08:57:07.049226,2024-11-08 16:57:07.049226,8.0,Regular
EMP005,2024-11-08,True,2024-11-08 09:18:07.049226,2024-11-08 17:18:07.049226,8.0,Regular
EMP006,2024-11-08,True,2024-11-08 09:21:07.049226,2024-11-08 17:21:07.049226,8.0,Regular
EMP007,2024-11-08,True,2024-11-08 09:50:07.049226,2024-11-08 17:50:07.049226,8.0,Regular
EMP008,2024-11-08,True,2024-11-08 06:00:07.049226,2024-11-08 15:00:07.049226,9.0,Regular
EMP009,2024-11-08,True,2024-11-08 06:29:07.049226,2024-11-08 14:29:07.049226,8.0,Regular
EMP010,2024-11-08,True,2024-11-08 09:43:07.049226,2024-11-08 18:43:07.049226,9.0,Regular
EMP011,2024-11-08,True,2024-11-08 06:25:07.049226,2024-11-08 14:25:07.049226,8.0,Regular
EMP012,2024-11-08,True,2024-11-08 06:06:07.049226,2024-11-08 15:06:07.049226,9.0,Regular
EMP013,2024-11-08,True,2024-11-08 06:18:07.049226,2024-11-08 14:18:07.049226,8.0,Regular
EMP014,2024-11-08,True,2024-11-08 06:19:07.049226,2024-11-08 14:19:07.049226,8.0,Regular
EMP015,2024-11-08,True,2024-11-08 07:55:07.049226,2024-11-08 16:55:07.049226,9.0,Regular
EMP016,2024-11-08,True,2024-11-08 07:22:07.049226,2024-11-08 15:22:07.049226,8.0,Regular
EMP017,2024-11-08,True,2024-11-08 07:29:07.049226,2024-11-08 14:29:07.049226,7.0,Partial
EMP018,2024-11-08,True,2024-11-08 06:34:07.049226,2024-11-08 13:34:07.049226,7.0,Partial
EMP019,2024-11-08,True,2024-11-08 09:17:07.049226,2024-11-08 18:17:07.049226,9.0,Regular
EMP020,2024-11-08,True,2024-11-08 08:42:07.049226,2024-11-08 16:42:07.049226,8.0,Regular
EMP001,2024-11-09,True,2024-11-09 06:20:07.049226,2024-11-09 15:20:07.049226,9.0,Regular
EMP002,2024-11-09,True,2024-11-09 06:39:07.049226,2024-11-09 13:39:07.049226,7.0,Partial
EMP003,2024-11-09,True,2024-11-09 09:35:07.049226,2024-11-09 16:35:07.049226,7.0,Partial
EMP004,2024-11-09,True,2024-11-09 08:41:07.049226,2024-11-09 15:41:07.049226,7.0,Partial
EMP005,2024-11-09,False,,,0.0,Absent
EMP006,2024-11-09,True,2024-11-09 08:47:07.049226,2024-11-09 17:47:07.049226,9.0,Regular
EMP007,2024-11-09,True,2024-11-09 06:49:07.049226,2024-11-09 14:49:07.049226,8.0,Regular
EMP008,2024-11-09,True,2024-11-09 08:42:07.049226,2024-11-09 17:42:07.049226,9.0,Regular
EMP009,2024-11-09,False,,,0.0,Absent
EMP010,2024-11-09,True,2024-11-09 08:14:07.049226,2024-11-09 17:14:07.049226,9.0,Regular
EMP011,2024-11-09,True,2024-11-09 07:37:07.049226,2024-11-09 16:37:07.049226,9.0,Regular
EMP012,2024-11-09,True,2024-11-09 08:28:07.049226,2024-11-09 16:28:07.049226,8.0,Regular
EMP013,2024-11-09,True,2024-11-09 06:00:07.049226,2024-11-09 15:00:07.049226,9.0,Regular
EMP014,2024-11-09,True,2024-11-09 06:16:07.049226,2024-11-09 14:16:07.049226,8.0,Regular
EMP015,2024-11-09,True,2024-11-09 06:36:07.049226,2024-11-09 13:36:07.049226,7.0,Partial
EMP016,2024-11-09,True,2024-11-09 07:15:07.049226,2024-11-09 15:15:07.049226,8.0,Regular
EMP017,2024-11-09,True,2024-11-09 06:10:07.049226,2024-11-09 15:10:07.049226,9.0,Regular
EMP018,2024-11-09,True,2024-11-09 06:19:07.049226,2024-11-09 15:19:07.049226,9.0,Regular
EMP019,2024-11-09,True,2024-11-09 06:14:07.049226,2024-11-09 13:14:07.049226,7.0,Partial
EMP020,2024-11-09,False,,,0.0,Absent
EMP001,2024-11-10,True,2024-11-10 07:23:07.049226,2024-11-10 14:23:07.049226,7.0,Partial
EMP002,2024-11-10,True,2024-11-10 08:35:07.049226,2024-11-10 15:35:07.049226,7.0,Partial
EMP003,2024-11-10,True,2024-11-10 08:56:07.049226,2024-11-10 15:56:07.049226,7.0,Partial
EMP004,2024-11-10,True,2024-11-10 09:20:07.049226,2024-11-10 16:20:07.049226,7.0,Partial
EMP005,2024-11-10,True,2024-11-10 09:33:07.049226,2024-11-10 17:33:07.049226,8.0,Regular
EMP006,2024-11-10,True,2024-11-10 08:22:07.049226,2024-11-10 15:22:07.049226,7.0,Partial
EMP007,2024-11-10,True,2024-11-10 08:25:07.049226,2024-11-10 16:25:07.049226,8.0,Regular
EMP008,2024-11-10,True,2024-11-10 08:30:07.049226,2024-11-10 15:30:07.049226,7.0,Partial
EMP009,2024-11-10,True,2024-11-10 07:21:07.049226,2024-11-10 14:21:07.049226,7.0,Partial
EMP010,2024-11-10,True,2024-11-10 06:02:07.049226,2024-11-10 13:02:07.049226,7.0,Partial
EMP011,2024-11-10,True,2024-11-10 07:22:07.049226,2024-11-10 15:22:07.049226,8.0,Regular
EMP012,2024-11-10,True,2024-11-10 08:32:07.049226,2024-11-10 17:32:07.049226,9.0,Regular
EMP013,2024-11-10,True,2024-11-10 07:18:07.049226,2024-11-10 15:18:07.049226,8.0,Regular
EMP014,2024-11-10,True,2024-11-10 08:19:07.049226,2024-11-10 17:19:07.049226,9.0,Regular
EMP015,2024-11-10,True,2024-11-10 07:43:07.049226,2024-11-10 14:43:07.049226,7.0,Partial
EMP016,2024-11-10,True,2024-11-10 09:34:07.049226,2024-11-10 16:34:07.049226,7.0,Partial
EMP017,2024-11-10,True,2024-11-10 08:22:07.049226,2024-11-10 15:22:07.049226,7.0,Partial
EMP018,2024-11-10,False,,,0.0,Absent
EMP019,2024-11-10,True,2024-11-10 07:22:07.049226,2024-11-10 16:22:07.049226,9.0,Regular
EMP020,2024-11-10,False,,,0.0,Absent
EMP001,2024-11-11,True,2024-11-11 07:44:07.049226,2024-11-11 15:44:07.049226,8.0,Regular
EMP002,2024-11-11,True,2024-11-11 09:39:07.049226,2024-11-11 18:39:07.049226,9.0,Regular
EMP003,2024-11-11,True,2024-11-11 07:12:07.049226,2024-11-11 14:12:07.049226,7.0,Partial
EMP004,2024-11-11,True,2024-11-11 07:45:07.049226,2024-11-11 14:45:07.049226,7.0,Partial
EMP005,2024-11-11,True,2024-11-11 09:40:07.049226,2024-11-11 16:40:07.049226,7.0,Partial
EMP006,2024-11-11,True,2024-11-11 06:12:07.049226,2024-11-11 15:12:07.049226,9.0,Regular
EMP007,2024-11-11,False,,,0.0,Absent
EMP008,2024-11-11,True,2024-11-11 07:14:07.049226,2024-11-11 14:14:07.049226,7.0,Partial
EMP009,2024-11-11,True,2024-11-11 07:21:07.049226,2024-11-11 14:21:07.049226,7.0,Partial
EMP010,2024-11-11,True,2024-11-11 08:47:07.049226,2024-11-11 15:47:07.049226,7.0,Partial
EMP011,2024-11-11,True,2024-11-11 07:21:07.049226,2024-11-11 14:21:07.049226,7.0,Partial
EMP012,2024-11-11,True,2024-11-11 08:28:07.049226,2024-11-11 17:28:07.049226,9.0,Regular
EMP013,2024-11-11,True,2024-11-11 06:09:07.049226,2024-11-11 13:09:07.049226,7.0,Partial
EMP014,2024-11-11,True,2024-11-11 08:31:07.049226,2024-11-11 17:31:07.049226,9.0,Regular
EMP015,2024-11-11,True,2024-11-11 06:18:07.049226,2024-11-11 15:18:07.049226,9.0,Regular
EMP016,2024-11-11,True,2024-11-11 08:27:07.049226,2024-11-11 17:27:07.049226,9.0,Regular
EMP017,2024-11-11,True,2024-11-11 06:39:07.049226,2024-11-11 13:39:07.049226,7.0,Partial
EMP018,2024-11-11,True,2024-11-11 07:56:07.049226,2024-11-11 16:56:07.049226,9.0,Regular
EMP019,2024-11-11,True,2024-11-11 09:57:07.049226,2024-11-11 17:57:07.049226,8.0,Regular
EMP020,2024-11-11,True,2024-11-11 06:51:07.049226,2024-11-11 15:51:07.049226,9.0,Regular
EMP001,2024-11-12,True,2024-11-12 09:12:07.049226,2024-11-12 16:12:07.049226,7.0,Partial
EMP002,2024-11-12,True,2024-11-12 08:18:07.049226,2024-11-12 16:18:07.049226,8.0,Regular
EMP003,2024-11-12,True,2024-11-12 08:55:07.049226,2024-11-12 15:55:07.049226,7.0,Partial
EMP004,2024-11-12,True,2024-11-12 09:14:07.049226,2024-11-12 16:14:07.049226,7.0,Partial
EMP005,2024-11-12,True,2024-11-12 06:41:07.049226,2024-11-12 14:41:07.049226,8.0,Regular
EMP006,2024-11-12,True,2024-11-12 06:21:07.049226,2024-11-12 14:21:07.049226,8.0,Regular
EMP007,2024-11-12,False,,,0.0,Absent
EMP008,2024-11-12,False,,,0.0,Absent
EMP009,2024-11-12,True,2024-11-12 06:42:07.049226,2024-11-12 13:42:07.049226,7.0,Partial
EMP010,2024-11-12,True,2024-11-12 09:46:07.049226,2024-11-12 17:46:07.049226,8.0,Regular
EMP011,2024-11-12,True,2024-11-12 09:32:07.049226,2024-11-12 16:32:07.049226,7.0,Partial
EMP012,2024-11-12,True,2024-11-12 06:34:07.049226,2024-11-12 13:34:07.049226,7.0,Partial
EMP013,2024-11-12,True,2024-11-12 08:42:07.049226,2024-11-12 15:42:07.049226,7.0,Partial
EMP014,2024-11-12,True,2024-11-12 06:33:07.049226,2024-11-12 15:33:07.049226,9.0,Regular
EMP015,2024-11-12,True,2024-11-12 09:30:07.049226,2024-11-12 16:30:07.049226,7.0,Partial
EMP016,2024-11-12,True,2024-11-12 09:52:07.049226,2024-11-12 17:52:07.049226,8.0,Regular
EMP017,2024-11-12,True,2024-11-12 08:03:07.049226,2024-11-12 16:03:07.049226,8.0,Regular
EMP018,2024-11-12,True,2024-11-12 09:23:07.049226,2024-11-12 17:23:07.049226,8.0,Regular
EMP019,2024-11-12,False,,,0.0,Absent
EMP020,2024-11-12,True,2024-11-12 08:13:07.049226,2024-11-12 17:13:07.049226,9.0,Regular
EMP001,2024-11-13,True,2024-11-13 09:24:07.049226,2024-11-13 17:24:07.049226,8.0,Regular
EMP002,2024-11-13,True,2024-11-13 08:21:07.049226,2024-11-13 16:21:07.049226,8.0,Regular
EMP003,2024-11-13,False,,,0.0,Absent
EMP004,2024-11-13,True,2024-11-13 07:16:07.049226,2024-11-13 14:16:07.049226,7.0,Partial
EMP005,2024-11-13,True,2024-11-13 06:06:07.049226,2024-11-13 13:06:07.049226,7.0,Partial
EMP006,2024-11-13,True,2024-11-13 09:02:07.049226,2024-11-13 17:02:07.049226,8.0,Regular
EMP007,2024-11-13,True,2024-11-13 08:41:07.049226,2024-11-13 17:41:07.049226,9.0,Regular
EMP008,2024-11-13,True,2024-11-13 08:48:07.049226,2024-11-13 17:48:07.049226,9.0,Regular
EMP009,2024-11-13,True,2024-11-13 08:07:07.049226,2024-11-13 17:07:07.049226,9.0,Regular
EMP010,2024-11-13,True,2024-11-13 08:28:07.049226,2024-11-13 16:28:07.049226,8.0,Regular
EMP011,2024-11-13,True,2024-11-13 07:25:07.049226,2024-11-13 16:25:07.049226,9.0,Regular
EMP012,2024-11-13,False,,,0.0,Absent
EMP013,2024-11-13,True,2024-11-13 09:03:07.049226,2024-11-13 18:03:07.049226,9.0,Regular
EMP014,2024-11-13,True,2024-11-13 06:16:07.049226,2024-11-13 13:16:07.049226,7.0,Partial
EMP015,2024-11-13,True,2024-11-13 08:09:07.049226,2024-11-13 17:09:07.049226,9.0,Regular
EMP016,2024-11-13,True,2024-11-13 07:04:07.049226,2024-11-13 15:04:07.049226,8.0,Regular
EMP017,2024-11-13,True,2024-11-13 07:47:07.049226,2024-11-13 16:47:07.049226,9.0,Regular
EMP018,2024-11-13,True,2024-11-13 07:56:07.049226,2024-11-13 15:56:07.049226,8.0,Regular
EMP019,2024-11-13,True,2024-11-13 06:13:07.049226,2024-11-13 13:13:07.049226,7.0,Partial
EMP020,2024-11-13,False,,,0.0,Absent
EMP001,2024-11-14,True,2024-11-14 09:48:07.049226,2024-11-14 18:48:07.049226,9.0,Regular
EMP002,2024-11-14,True,2024-11-14 07:32:07.049226,2024-11-14 14:32:07.049226,7.0,Partial
EMP003,2024-11-14,True,2024-11-14 09:49:07.049226,2024-11-14 18:49:07.049226,9.0,Regular
EMP004,2024-11-14,True,2024-11-14 08:01:07.049226,2024-11-14 15:01:07.049226,7.0,Partial
EMP005,2024-11-14,True,2024-11-14 09:53:07.049226,2024-11-14 18:53:07.049226,9.0,Regular
EMP006,2024-11-14,True,2024-11-14 07:14:07.049226,2024-11-14 16:14:07.049226,9.0,Regular
EMP007,2024-11-14,True,2024-11-14 08:47:07.049226,2024-11-14 17:47:07.049226,9.0,Regular
EMP008,2024-11-14,True,2024-11-14 08:34:07.049226,2024-11-14 17:34:07.049226,9.0,Regular
EMP009,2024-11-14,True,2024-11-14 09:18:07.049226,2024-11-14 17:18:07.049226,8.0,Regular
EMP010,2024-11-14,True,2024-11-14 06:55:07.049226,2024-11-14 13:55:07.049226,7.0,Partial
EMP011,2024-11-14,True,2024-11-14 07:09:07.049226,2024-11-14 16:09:07.049226,9.0,Regular
EMP012,2024-11-14,True,2024-11-14 07:24:07.049226,2024-11-14 15:24:07.049226,8.0,Regular
EMP013,2024-11-14,True,2024-11-14 09:19:07.049226,2024-11-14 18:19:07.049226,9.0,Regular
EMP014,2024-11-14,True,2024-11-14 08:29:07.049226,2024-11-14 16:29:07.049226,8.0,Regular
EMP015,2024-11-14,False,,,0.0,Absent
EMP016,2024-11-14,True,2024-11-14 09:44:07.049226,2024-11-14 16:44:07.049226,7.0,Partial
EMP017,2024-11-14,True,2024-11-14 08:31:07.049226,2024-11-14 16:31:07.049226,8.0,Regular
EMP018,2024-11-14,True,2024-11-14 09:17:07.049226,2024-11-14 17:17:07.049226,8.0,Regular
EMP019,2024-11-14,True,2024-11-14 09:33:07.049226,2024-11-14 16:33:07.049226,7.0,Partial
EMP020,2024-11-14,True,2024-11-14 08:12:07.049226,2024-11-14 16:12:07.049226,8.0,Regular
EMP001,2024-11-15,True,2024-11-15 07:27:07.049226,2024-11-15 15:27:07.049226,8.0,Regular
EMP002,2024-11-15,True,2024-11-15 08:47:07.049226,2024-11-15 15:47:07.049226,7.0,Partial
EMP003,2024-11-15,True,2024-11-15 09:33:07.049226,2024-11-15 17:33:07.049226,8.0,Regular
EMP004,2024-11-15,True,2024-11-15 09:06:07.049226,2024-11-15 16:06:07.049226,7.0,Partial
EMP005,2024-11-15,True,2024-11-15 08:08:07.049226,2024-11-15 16:08:07.049226,8.0,Regular
EMP006,2024-11-15,True,2024-11-15 09:38:07.049226,2024-11-15 17:38:07.049226,8.0,Regular
EMP007,2024-11-15,True,2024-11-15 07:25:07.049226,2024-11-15 14:25:07.049226,7.0,Partial
EMP008,2024-11-15,True,2024-11-15 06:35:07.049226,2024-11-15 14:35:07.049226,8.0,Regular
EMP009,2024-11-15,True,2024-11-15 08:33:07.049226,2024-11-15 15:33:07.049226,7.0,Partial
EMP010,2024-11-15,True,2024-11-15 07:39:07.049226,2024-11-15 15:39:07.049226,8.0,Regular
EMP011,2024-11-15,True,2024-11-15 06:30:07.049226,2024-11-15 15:30:07.049226,9.0,Regular
EMP012,2024-11-15,True,2024-11-15 06:40:07.049226,2024-11-15 15:40:07.049226,9.0,Regular
EMP013,2024-11-15,True,2024-11-15 06:43:07.049226,2024-11-15 13:43:07.049226,7.0,Partial
EMP014,2024-11-15,True,2024-11-15 08:09:07.049226,2024-11-15 16:09:07.049226,8.0,Regular
EMP015,2024-11-15,True,2024-11-15 06:23:07.049226,2024-11-15 13:23:07.049226,7.0,Partial
EMP016,2024-11-15,True,2024-11-15 09:31:07.049226,2024-11-15 17:31:07.049226,8.0,Regular
EMP017,2024-11-15,True,2024-11-15 08:06:07.049226,2024-11-15 16:06:07.049226,8.0,Regular
EMP018,2024-11-15,True,2024-11-15 07:00:07.049226,2024-11-15 14:00:07.049226,7.0,Partial
EMP019,2024-11-15,False,,,0.0,Absent
EMP020,2024-11-15,True,2024-11-15 09:35:07.049226,2024-11-15 17:35:07.049226,8.0,Regular
EMP001,2024-11-16,True,2024-11-16 08:46:07.049226,2024-11-16 17:46:07.049226,9.0,Regular
EMP002,2024-11-16,True,2024-11-16 08:16:07.049226,2024-11-16 17:16:07.049226,9.0,Regular
EMP003,2024-11-16,False,,,0.0,Absent
EMP004,2024-11-16,True,2024-11-16 06:43:07.049226,2024-11-16 14:43:07.049226,8.0,Regular
EMP005,2024-11-16,True,2024-11-16 07:40:07.049226,2024-11-16 14:40:07.049226,7.0,Partial
EMP006,2024-11-16,True,2024-11-16 07:20:07.049226,2024-11-16 14:20:07.049226,7.0,Partial
EMP007,2024-11-16,True,2024-11-16 09:25:07.049226,2024-11-16 18:25:07.049226,9.0,Regular
EMP008,2024-11-16,True,2024-11-16 06:19:07.049226,2024-11-16 14:19:07.049226,8.0,Regular
EMP009,2024-11-16,True,2024-11-16 09:18:07.049226,2024-11-16 16:18:07.049226,7.0,Partial
EMP010,2024-11-16,True,2024-11-16 07:55:07.049226,2024-11-16 14:55:07.049226,7.0,Partial
EMP011,2024-11-16,True,2024-11-16 07:58:07.049226,2024-11-16 15:58:07.049226,8.0,Regular
EMP012,2024-11-16,True,2024-11-16 09:40:07.049226,2024-11-16 17:40:07.049226,8.0,Regular
EMP013,2024-11-16,True,2024-11-16 06:26:07.049226,2024-11-16 14:26:07.049226,8.0,Regular
EMP014,2024-11-16,True,2024-11-16 09:56:07.049226,2024-11-16 18:56:07.049226,9.0,Regular
EMP015,2024-11-16,True,2024-11-16 09:39:07.049226,2024-11-16 16:39:07.049226,7.0,Partial
EMP016,2024-11-16,True,2024-11-16 06:47:07.049226,2024-11-16 15:47:07.049226,9.0,Regular
EMP017,2024-11-16,True,2024-11-16 08:37:07.049226,2024-11-16 16:37:07.049226,8.0,Regular
EMP018,2024-11-16,True,2024-11-16 07:30:07.049226,2024-11-16 14:30:07.049226,7.0,Partial
EMP019,2024-11-16,True,2024-11-16 07:10:07.049226,2024-11-16 16:10:07.049226,9.0,Regular
EMP020,2024-11-16,False,,,0.0,Absent
EMP001,2024-11-17,True,2024-11-17 09:57:07.049226,2024-11-17 16:57:07.049226,7.0,Partial
EMP002,2024-11-17,True,2024-11-17 09:01:07.049226,2024-11-17 17:01:07.049226,8.0,Regular
EMP003,2024-11-17,True,2024-11-17 07:40:07.049226,2024-11-17 15:40:07.049226,8.0,Regular
EMP004,2024-11-17,False,,,0.0,Absent
EMP005,2024-11-17,True,2024-11-17 06:37:07.049226,2024-11-17 15:37:07.049226,9.0,Regular
EMP006,2024-11-17,False,,,0.0,Absent
EMP007,2024-11-17,True,2024-11-17 07:45:07.049226,2024-11-17 16:45:07.049226,9.0,Regular
EMP008,2024-11-17,True,2024-11-17 08:55:07.049226,2024-11-17 17:55:07.049226,9.0,Regular
EMP009,2024-11-17,True,2024-11-17 06:00:07.049226,2024-11-17 14:00:07.049226,8.0,Regular
EMP010,2024-11-17,True,2024-11-17 06:15:07.049226,2024-11-17 13:15:07.049226,7.0,Partial
EMP011,2024-11-17,True,2024-11-17 09:00:07.049226,2024-11-17 16:00:07.049226,7.0,Partial
EMP012,2024-11-17,True,2024-11-17 07:42:07.049226,2024-11-17 16:42:07.049226,9.0,Regular
EMP013,2024-11-17,True,2024-11-17 09:17:07.049226,2024-11-17 18:17:07.049226,9.0,Regular
EMP014,2024-11-17,True,2024-11-17 08:13:07.049226,2024-11-17 17:13:07.049226,9.0,Regular
EMP015,2024-11-17,True,2024-11-17 06:08:07.049226,2024-11-17 15:08:07.049226,9.0,Regular
EMP016,2024-11-17,True,2024-11-17 06:13:07.049226,2024-11-17 15:13:07.049226,9.0,Regular
EMP017,2024-11-17,True,2024-11-17 08:32:07.049226,2024-11-17 15:32:07.049226,7.0,Partial
EMP018,2024-11-17,True,2024-11-17 07:14:07.049226,2024-11-17 15:14:07.049226,8.0,Regular
EMP019,2024-11-17,True,2024-11-17 07:33:07.049226,2024-11-17 16:33:07.049226,9.0,Regular
EMP020,2024-11-17,True,2024-11-17 08:56:07.049226,2024-11-17 17:56:07.049226,9.0,Regular
EMP001,2024-11-18,True,2024-11-18 08:27:07.049226,2024-11-18 17:27:07.049226,9.0,Regular
EMP002,2024-11-18,False,,,0.0,Absent
EMP003,2024-11-18,True,2024-11-18 09:49:07.049226,2024-11-18 18:49:07.049226,9.0,Regular
EMP004,2024-11-18,True,2024-11-18 06:49:07.049226,2024-11-18 13:49:07.049226,7.0,Partial
EMP005,2024-11-18,False,,,0.0,Absent
EMP006,2024-11-18,True,2024-11-18 06:43:07.049226,2024-11-18 15:43:07.049226,9.0,Regular
EMP007,2024-11-18,True,2024-11-18 06:22:07.049226,2024-11-18 15:22:07.049226,9.0,Regular
EMP008,2024-11-18,True,2024-11-18 08:30:07.049226,2024-11-18 16:30:07.049226,8.0,Regular
EMP009,2024-11-18,True,2024-11-18 09:46:07.049226,2024-11-18 18:46:07.049226,9.0,Regular
EMP010,2024-11-18,True,2024-11-18 09:14:07.049226,2024-11-18 17:14:07.049226,8.0,Regular
EMP011,2024-11-18,True,2024-11-18 08:22:07.049226,2024-11-18 16:22:07.049226,8.0,Regular
EMP012,2024-11-18,True,2024-11-18 07:41:07.049226,2024-11-18 16:41:07.049226,9.0,Regular
EMP013,2024-11-18,True,2024-11-18 06:37:07.049226,2024-11-18 14:37:07.049226,8.0,Regular
EMP014,2024-11-18,False,,,0.0,Absent
EMP015,2024-11-18,True,2024-11-18 06:56:07.049226,2024-11-18 13:56:07.049226,7.0,Partial
EMP016,2024-11-18,True,2024-11-18 07:14:07.049226,2024-11-18 15:14:07.049226,8.0,Regular
EMP017,2024-11-18,True,2024-11-18 08:37:07.049226,2024-11-18 16:37:07.049226,8.0,Regular
EMP018,2024-11-18,True,2024-11-18 08:26:07.049226,2024-11-18 17:26:07.049226,9.0,Regular
EMP019,2024-11-18,True,2024-11-18 06:51:07.049226,2024-11-18 14:51:07.049226,8.0,Regular
EMP020,2024-11-18,True,2024-11-18 06:08:07.049226,2024-11-18 15:08:07.049226,9.0,Regular
EMP001,2024-11-19,True,2024-11-19 07:36:07.049226,2024-11-19 16:36:07.049226,9.0,Regular
EMP002,2024-11-19,True,2024-11-19 06:19:07.049226,2024-11-19 14:19:07.049226,8.0,Regular
EMP003,2024-11-19,True,2024-11-19 07:32:07.049226,2024-11-19 14:32:07.049226,7.0,Partial
EMP004,2024-11-19,True,2024-11-19 09:19:07.049226,2024-11-19 16:19:07.049226,7.0,Partial
EMP005,2024-11-19,True,2024-11-19 08:06:07.049226,2024-11-19 16:06:07.049226,8.0,Regular
EMP006,2024-11-19,True,2024-11-19 08:52:07.049226,2024-11-19 17:52:07.049226,9.0,Regular
EMP007,2024-11-19,True,2024-11-19 08:18:07.049226,2024-11-19 16:18:07.049226,8.0,Regular
EMP008,2024-11-19,True,2024-11-19 08:02:07.049226,2024-11-19 17:02:07.049226,9.0,Regular
EMP009,2024-11-19,True,2024-11-19 07:15:07.049226,2024-11-19 16:15:07.049226,9.0,Regular
EMP010,2024-11-19,True,2024-11-19 08:50:07.049226,2024-11-19 17:50:07.049226,9.0,Regular
EMP011,2024-11-19,True,2024-11-19 08:10:07.049226,2024-11-19 17:10:07.049226,9.0,Regular
EMP012,2024-11-19,True,2024-11-19 07:35:07.049226,2024-11-19 15:35:07.049226,8.0,Regular
EMP013,2024-11-19,True,2024-11-19 07:30:07.049226,2024-11-19 14:30:07.049226,7.0,Partial
EMP014,2024-11-19,True,2024-11-19 07:41:07.049226,2024-11-19 14:41:07.049226,7.0,Partial
EMP015,2024-11-19,True,2024-11-19 09:03:07.049226,2024-11-19 16:03:07.049226,7.0,Partial
EMP016,2024-11-19,True,2024-11-19 06:13:07.049226,2024-11-19 13:13:07.049226,7.0,Partial
EMP017,2024-11-19,True,2024-11-19 09:00:07.049226,2024-11-19 18:00:07.049226,9.0,Regular
EMP018,2024-11-19,True,2024-11-19 06:02:07.049226,2024-11-19 14:02:07.049226,8.0,Regular
EMP019,2024-11-19,True,2024-11-19 08:23:07.049226,2024-11-19 15:23:07.049226,7.0,Partial
EMP020,2024-11-19,False,,,0.0,Absent
EMP001,2024-11-20,True,2024-11-20 08:06:07.049226,2024-11-20 17:06:07.049226,9.0,Regular
EMP002,2024-11-20,True,2024-11-20 06:36:07.049226,2024-11-20 13:36:07.049226,7.0,Partial
EMP003,2024-11-20,True,2024-11-20 08:32:07.049226,2024-11-20 15:32:07.049226,7.0,Partial
EMP004,2024-11-20,False,,,0.0,Absent
EMP005,2024-11-20,True,2024-11-20 08:23:07.049226,2024-11-20 16:23:07.049226,8.0,Regular
EMP006,2024-11-20,True,2024-11-20 06:47:07.049226,2024-11-20 15:47:07.049226,9.0,Regular
EMP007,2024-11-20,False,,,0.0,Absent
EMP008,2024-11-20,True,2024-11-20 07:10:07.049226,2024-11-20 15:10:07.049226,8.0,Regular
EMP009,2024-11-20,True,2024-11-20 08:49:07.049226,2024-11-20 15:49:07.049226,7.0,Partial
EMP010,2024-11-20,True,2024-11-20 06:38:07.049226,2024-11-20 14:38:07.049226,8.0,Regular
EMP011,2024-11-20,True,2024-11-20 06:41:07.049226,2024-11-20 14:41:07.049226,8.0,Regular
EMP012,2024-11-20,True,2024-11-20 06:15:07.049226,2024-11-20 15:15:07.049226,9.0,Regular
EMP013,2024-11-20,True,2024-11-20 06:08:07.049226,2024-11-20 13:08:07.049226,7.0,Partial
EMP014,2024-11-20,True,2024-11-20 06:16:07.049226,2024-11-20 13:16:07.049226,7.0,Partial
EMP015,2024-11-20,True,2024-11-20 08:46:07.049226,2024-11-20 17:46:07.049226,9.0,Regular
EMP016,2024-11-20,True,2024-11-20 07:53:07.049226,2024-11-20 15:53:07.049226,8.0,Regular
EMP017,2024-11-20,True,2024-11-20 08:32:07.049226,2024-11-20 17:32:07.049226,9.0,Regular
EMP018,2024-11-20,False,,,0.0,Absent
EMP019,2024-11-20,True,2024-11-20 06:00:07.049226,2024-11-20 15:00:07.049226,9.0,Regular
EMP020,2024-11-20,True,2024-11-20 06:27:07.049226,2024-11-20 15:27:07.049226,9.0,Regular
EMP001,2024-11-21,True,2024-11-21 09:05:07.049226,2024-11-21 17:05:07.049226,8.0,Regular
EMP002,2024-11-21,True,2024-11-21 06:22:07.049226,2024-11-21 15:22:07.049226,9.0,Regular
EMP003,2024-11-21,True,2024-11-21 09:18:07.049226,2024-11-21 18:18:07.049226,9.0,Regular
EMP004,2024-11-21,True,2024-11-21 07:11:07.049226,2024-11-21 16:11:07.049226,9.0,Regular
EMP005,2024-11-21,True,2024-11-21 06:04:07.049226,2024-11-21 15:04:07.049226,9.0,Regular
EMP006,2024-11-21,True,2024-11-21 08:44:07.049226,2024-11-21 15:44:07.049226,7.0,Partial
EMP007,2024-11-21,True,2024-11-21 06:05:07.049226,2024-11-21 14:05:07.049226,8.0,Regular
EMP008,2024-11-21,True,2024-11-21 07:19:07.049226,2024-11-21 15:19:07.049226,8.0,Regular
EMP009,2024-11-21,True,2024-11-21 06:14:07.049226,2024-11-21 13:14:07.049226,7.0,Partial
EMP010,2024-11-21,True,2024-11-21 09:46:07.049226,2024-11-21 17:46:07.049226,8.0,Regular
EMP011,2024-11-21,True,2024-11-21 07:33:07.049226,2024-11-21 15:33:07.049226,8.0,Regular
EMP012,2024-11-21,True,2024-11-21 06:08:07.049226,2024-11-21 14:08:07.049226,8.0,Regular
EMP013,2024-11-21,True,2024-11-21 08:05:07.049226,2024-11-21 16:05:07.049226,8.0,Regular
EMP014,2024-11-21,True,2024-11-21 09:02:07.049226,2024-11-21 18:02:07.049226,9.0,Regular
EMP015,2024-11-21,True,2024-11-21 06:55:07.049226,2024-11-21 14:55:07.049226,8.0,Regular
EMP016,2024-11-21,True,2024-11-21 09:13:07.049226,2024-11-21 16:13:07.049226,7.0,Partial
EMP017,2024-11-21,True,2024-11-21 06:54:07.049226,2024-11-21 13:54:07.049226,7.0,Partial
EMP018,2024-11-21,True,2024-11-21 09:14:07.049226,2024-11-21 18:14:07.049226,9.0,Regular
EMP019,2024-11-21,True,2024-11-21 09:38:07.049226,2024-11-21 18:38:07.049226,9.0,Regular
EMP020,2024-11-21,True,2024-11-21 07:32:07.049226,2024-11-21 15:32:07.049226,8.0,Regular
EMP001,2024-11-22,True,2024-11-22 07:24:07.049226,2024-11-22 14:24:07.049226,7.0,Partial
EMP002,2024-11-22,True,2024-11-22 09:00:07.049226,2024-11-22 18:00:07.049226,9.0,Regular
EMP003,2024-11-22,True,2024-11-22 09:38:07.049226,2024-11-22 16:38:07.049226,7.0,Partial
EMP004,2024-11-22,True,2024-11-22 09:05:07.049226,2024-11-22 17:05:07.049226,8.0,Regular
EMP005,2024-11-22,True,2024-11-22 07:05:07.049226,2024-11-22 14:05:07.049226,7.0,Partial
EMP006,2024-11-22,True,2024-11-22 07:06:07.049226,2024-11-22 14:06:07.049226,7.0,Partial
EMP007,2024-11-22,True,2024-11-22 07:22:07.049226,2024-11-22 16:22:07.049226,9.0,Regular
EMP008,2024-11-22,True,2024-11-22 07:44:07.049226,2024-11-22 14:44:07.049226,7.0,Partial
EMP009,2024-11-22,True,2024-11-22 07:05:07.049226,2024-11-22 15:05:07.049226,8.0,Regular
EMP010,2024-11-22,True,2024-11-22 08:36:07.049226,2024-11-22 15:36:07.049226,7.0,Partial
EMP011,2024-11-22,True,2024-11-22 09:01:07.049226,2024-11-22 17:01:07.049226,8.0,Regular
EMP012,2024-11-22,True,2024-11-22 07:51:07.049226,2024-11-22 16:51:07.049226,9.0,Regular
EMP013,2024-11-22,True,2024-11-22 06:50:07.049226,2024-11-22 13:50:07.049226,7.0,Partial
EMP014,2024-11-22,True,2024-11-22 09:43:07.049226,2024-11-22 17:43:07.049226,8.0,Regular
EMP015,2024-11-22,True,2024-11-22 08:50:07.049226,2024-11-22 15:50:07.049226,7.0,Partial
EMP016,2024-11-22,False,,,0.0,Absent
EMP017,2024-11-22,True,2024-11-22 06:06:07.049226,2024-11-22 14:06:07.049226,8.0,Regular
EMP018,2024-11-22,True,2024-11-22 09:45:07.049226,2024-11-22 16:45:07.049226,7.0,Partial
EMP019,2024-11-22,True,2024-11-22 07:31:07.049226,2024-11-22 14:31:07.049226,7.0,Partial
EMP020,2024-11-22,False,,,0.0,Absent
EMP001,2024-11-23,True,2024-11-23 08:33:07.049226,2024-11-23 15:33:07.049226,7.0,Partial
EMP002,2024-11-23,True,2024-11-23 07:27:07.049226,2024-11-23 15:27:07.049226,8.0,Regular
EMP003,2024-11-23,True,2024-11-23 09:42:07.049226,2024-11-23 16:42:07.049226,7.0,Partial
EMP004,2024-11-23,True,2024-11-23 07:12:07.049226,2024-11-23 15:12:07.049226,8.0,Regular
EMP005,2024-11-23,True,2024-11-23 08:35:07.049226,2024-11-23 16:35:07.049226,8.0,Regular
EMP006,2024-11-23,False,,,0.0,Absent
EMP007,2024-11-23,True,2024-11-23 07:37:07.049226,2024-11-23 15:37:07.049226,8.0,Regular
EMP008,2024-11-23,False,,,0.0,Absent
EMP009,2024-11-23,True,2024-11-23 08:18:07.049226,2024-11-23 17:18:07.049226,9.0,Regular
EMP010,2024-11-23,True,2024-11-23 08:50:07.049226,2024-11-23 17:50:07.049226,9.0,Regular
EMP011,2024-11-23,True,2024-11-23 07:30:07.049226,2024-11-23 15:30:07.049226,8.0,Regular
EMP012,2024-11-23,True,2024-11-23 08:16:07.049226,2024-11-23 17:16:07.049226,9.0,Regular
EMP013,2024-11-23,True,2024-11-23 08:13:07.049226,2024-11-23 15:13:07.049226,7.0,Partial
EMP014,2024-11-23,True,2024-11-23 08:25:07.049226,2024-11-23 15:25:07.049226,7.0,Partial
EMP015,2024-11-23,False,,,0.0,Absent
EMP016,2024-11-23,True,2024-11-23 08:13:07.049226,2024-11-23 16:13:07.049226,8.0,Regular
EMP017,2024-11-23,False,,,0.0,Absent
EMP018,2024-11-23,True,2024-11-23 06:04:07.049226,2024-11-23 14:04:07.049226,8.0,Regular
EMP019,2024-11-23,True,2024-11-23 06:31:07.049226,2024-11-23 15:31:07.049226,9.0,Regular
EMP020,2024-11-23,True,2024-11-23 09:05:07.049226,2024-11-23 17:05:07.049226,8.0,Regular
EMP001,2024-11-24,True,2024-11-24 06:38:07.049226,2024-11-24 14:38:07.049226,8.0,Regular
EMP002,2024-11-24,True,2024-11-24 08:06:07.049226,2024-11-24 16:06:07.049226,8.0,Regular
EMP003,2024-11-24,True,2024-11-24 08:58:07.049226,2024-11-24 17:58:07.049226,9.0,Regular
EMP004,2024-11-24,True,2024-11-24 08:28:07.049226,2024-11-24 16:28:07.049226,8.0,Regular
EMP005,2024-11-24,True,2024-11-24 08:41:07.049226,2024-11-24 16:41:07.049226,8.0,Regular
EMP006,2024-11-24,True,2024-11-24 06:18:07.049226,2024-11-24 14:18:07.049226,8.0,Regular
EMP007,2024-11-24,True,2024-11-24 08:19:07.049226,2024-11-24 15:19:07.049226,7.0,Partial
EMP008,2024-11-24,True,2024-11-24 06:40:07.049226,2024-11-24 13:40:07.049226,7.0,Partial
EMP009,2024-11-24,True,2024-11-24 09:31:07.049226,2024-11-24 18:31:07.049226,9.0,Regular
EMP010,2024-11-24,True,2024-11-24 08:22:07.049226,2024-11-24 16:22:07.049226,8.0,Regular
EMP011,2024-11-24,True,2024-11-24 07:17:07.049226,2024-11-24 16:17:07.049226,9.0,Regular
EMP012,2024-11-24,True,2024-11-24 08:34:07.049226,2024-11-24 15:34:07.049226,7.0,Partial
EMP013,2024-11-24,True,2024-11-24 08:12:07.049226,2024-11-24 15:12:07.049226,7.0,Partial
EMP014,2024-11-24,True,2024-11-24 06:49:07.049226,2024-11-24 15:49:07.049226,9.0,Regular
EMP015,2024-11-24,True,2024-11-24 06:54:07.049226,2024-11-24 15:54:07.049226,9.0,Regular
EMP016,2024-11-24,True,2024-11-24 07:56:07.049226,2024-11-24 15:56:07.049226,8.0,Regular
EMP017,2024-11-24,True,2024-11-24 08:41:07.049226,2024-11-24 17:41:07.049226,9.0,Regular
EMP018,2024-11-24,True,2024-11-24 06:08:07.049226,2024-11-24 13:08:07.049226,7.0,Partial
EMP019,2024-11-24,True,2024-11-24 09:29:07.049226,2024-11-24 18:29:07.049226,9.0,Regular
EMP020,2024-11-24,True,2024-11-24 09:16:07.049226,2024-11-24 18:16:07.049226,9.0,Regular
EMP001,2024-11-25,True,2024-11-25 09:27:07.049226,2024-11-25 18:27:07.049226,9.0,Regular
EMP002,2024-11-25,True,2024-11-25 09:28:07.049226,2024-11-25 17:28:07.049226,8.0,Regular
EMP003,2024-11-25,True,2024-11-25 08:57:07.049226,2024-11-25 17:57:07.049226,9.0,Regular
EMP004,2024-11-25,True,2024-11-25 07:20:07.049226,2024-11-25 16:20:07.049226,9.0,Regular
EMP005,2024-11-25,False,,,0.0,Absent
EMP006,2024-11-25,True,2024-11-25 07:45:07.049226,2024-11-25 16:45:07.049226,9.0,Regular
EMP007,2024-11-25,False,,,0.0,Absent
EMP008,2024-11-25,True,2024-11-25 09:15:07.049226,2024-11-25 18:15:07.049226,9.0,Regular
EMP009,2024-11-25,True,2024-11-25 09:55:07.049226,2024-11-25 17:55:07.049226,8.0,Regular
EMP010,2024-11-25,False,,,0.0,Absent
EMP011,2024-11-25,True,2024-11-25 08:46:07.049226,2024-11-25 15:46:07.049226,7.0,Partial
EMP012,2024-11-25,True,2024-11-25 09:52:07.049226,2024-11-25 17:52:07.049226,8.0,Regular
EMP013,2024-11-25,True,2024-11-25 09:58:07.049226,2024-11-25 18:58:07.049226,9.0,Regular
EMP014,2024-11-25,True,2024-11-25 07:23:07.049226,2024-11-25 15:23:07.049226,8.0,Regular
EMP015,2024-11-25,True,2024-11-25 06:50:07.049226,2024-11-25 13:50:07.049226,7.0,Partial
EMP016,2024-11-25,True,2024-11-25 07:07:07.049226,2024-11-25 14:07:07.049226,7.0,Partial
EMP017,2024-11-25,True,2024-11-25 06:26:07.049226,2024-11-25 15:26:07.049226,9.0,Regular
EMP018,2024-11-25,True,2024-11-25 06:22:07.049226,2024-11-25 13:22:07.049226,7.0,Partial
EMP019,2024-11-25,True,2024-11-25 06:56:07.049226,2024-11-25 15:56:07.049226,9.0,Regular
EMP020,2024-11-25,True,2024-11-25 08:42:07.049226,2024-11-25 15:42:07.049226,7.0,Partial
EMP001,2024-11-26,True,2024-11-26 08:49:07.049226,2024-11-26 15:49:07.049226,7.0,Partial
EMP002,2024-11-26,True,2024-11-26 08:32:07.049226,2024-11-26 17:32:07.049226,9.0,Regular
EMP003,2024-11-26,True,2024-11-26 07:09:07.049226,2024-11-26 16:09:07.049226,9.0,Regular
EMP004,2024-11-26,True,2024-11-26 08:52:07.049226,2024-11-26 17:52:07.049226,9.0,Regular
EMP005,2024-11-26,True,2024-11-26 09:29:07.049226,2024-11-26 17:29:07.049226,8.0,Regular
EMP006,2024-11-26,True,2024-11-26 06:02:07.049226,2024-11-26 14:02:07.049226,8.0,Regular
EMP007,2024-11-26,True,2024-11-26 07:05:07.049226,2024-11-26 16:05:07.049226,9.0,Regular
EMP008,2024-11-26,True,2024-11-26 06:55:07.049226,2024-11-26 14:55:07.049226,8.0,Regular
EMP009,2024-11-26,True,2024-11-26 07:41:07.049226,2024-11-26 15:41:07.049226,8.0,Regular
EMP010,2024-11-26,False,,,0.0,Absent
EMP011,2024-11-26,True,2024-11-26 06:22:07.049226,2024-11-26 13:22:07.049226,7.0,Partial
EMP012,2024-11-26,True,2024-11-26 08:03:07.049226,2024-11-26 17:03:07.049226,9.0,Regular
EMP013,2024-11-26,True,2024-11-26 08:20:07.049226,2024-11-26 17:20:07.049226,9.0,Regular
EMP014,2024-11-26,True,2024-11-26 09:32:07.049226,2024-11-26 16:32:07.049226,7.0,Partial
EMP015,2024-11-26,True,2024-11-26 06:15:07.049226,2024-11-26 13:15:07.049226,7.0,Partial
EMP016,2024-11-26,True,2024-11-26 08:31:07.049226,2024-11-26 17:31:07.049226,9.0,Regular
EMP017,2024-11-26,True,2024-11-26 07:30:07.049226,2024-11-26 16:30:07.049226,9.0,Regular
EMP018,2024-11-26,True,2024-11-26 06:46:07.049226,2024-11-26 14:46:07.049226,8.0,Regular
EMP019,2024-11-26,True,2024-11-26 07:35:07.049226,2024-11-26 16:35:07.049226,9.0,Regular
EMP020,2024-11-26,True,2024-11-26 06:44:07.049226,2024-11-26 14:44:07.049226,8.0,Regular
EMP001,2024-11-27,True,2024-11-27 09:21:07.049226,2024-11-27 16:21:07.049226,7.0,Partial
EMP002,2024-11-27,True,2024-11-27 07:01:07.049226,2024-11-27 15:01:07.049226,8.0,Regular
EMP003,2024-11-27,True,2024-11-27 07:48:07.049226,2024-11-27 16:48:07.049226,9.0,Regular
EMP004,2024-11-27,True,2024-11-27 08:41:07.049226,2024-11-27 16:41:07.049226,8.0,Regular
EMP005,2024-11-27,True,2024-11-27 09:17:07.049226,2024-11-27 17:17:07.049226,8.0,Regular
EMP006,2024-11-27,True,2024-11-27 09:43:07.049226,2024-11-27 16:43:07.049226,7.0,Partial
EMP007,2024-11-27,True,2024-11-27 08:28:07.049226,2024-11-27 17:28:07.049226,9.0,Regular
EMP008,2024-11-27,True,2024-11-27 09:39:07.049226,2024-11-27 17:39:07.049226,8.0,Regular
EMP009,2024-11-27,True,2024-11-27 07:54:07.049226,2024-11-27 14:54:07.049226,7.0,Partial
EMP010,2024-11-27,True,2024-11-27 08:18:07.049226,2024-11-27 17:18:07.049226,9.0,Regular
EMP011,2024-11-27,True,2024-11-27 07:19:07.049226,2024-11-27 15:19:07.049226,8.0,Regular
EMP012,2024-11-27,True,2024-11-27 07:47:07.049226,2024-11-27 15:47:07.049226,8.0,Regular
EMP013,2024-11-27,True,2024-11-27 06:09:07.049226,2024-11-27 15:09:07.049226,9.0,Regular
EMP014,2024-11-27,True,2024-11-27 06:48:07.049226,2024-11-27 14:48:07.049226,8.0,Regular
EMP015,2024-11-27,True,2024-11-27 06:08:07.049226,2024-11-27 13:08:07.049226,7.0,Partial
EMP016,2024-11-27,True,2024-11-27 08:21:07.049226,2024-11-27 17:21:07.049226,9.0,Regular
EMP017,2024-11-27,True,2024-11-27 08:14:07.049226,2024-11-27 15:14:07.049226,7.0,Partial
EMP018,2024-11-27,True,2024-11-27 07:17:07.049226,2024-11-27 14:17:07.049226,7.0,Partial
EMP019,2024-11-27,True,2024-11-27 06:52:07.049226,2024-11-27 14:52:07.049226,8.0,Regular
EMP020,2024-11-27,True,2024-11-27 08:36:07.049226,2024-11-27 15:36:07.049226,7.0,Partial
EMP001,2024-11-28,True,2024-11-28 07:54:07.049226,2024-11-28 14:54:07.049226,7.0,Partial
EMP002,2024-11-28,True,2024-11-28 08:55:07.049226,2024-11-28 15:55:07.049226,7.0,Partial
EMP003,2024-11-28,True,2024-11-28 09:08:07.049226,2024-11-28 17:08:07.049226,8.0,Regular
EMP004,2024-11-28,True,2024-11-28 06:11:07.049226,2024-11-28 13:11:07.049226,7.0,Partial
EMP005,2024-11-28,True,2024-11-28 08:23:07.049226,2024-11-28 17:23:07.049226,9.0,Regular
EMP006,2024-11-28,True,2024-11-28 09:43:07.049226,2024-11-28 17:43:07.049226,8.0,Regular
EMP007,2024-11-28,True,2024-11-28 09:57:07.049226,2024-11-28 18:57:07.049226,9.0,Regular
EMP008,2024-11-28,True,2024-11-28 09:22:07.049226,2024-11-28 17:22:07.049226,8.0,Regular
EMP009,2024-11-28,True,2024-11-28 09:33:07.049226,2024-11-28 17:33:07.049226,8.0,Regular
EMP010,2024-11-28,True,2024-11-28 09:57:07.049226,2024-11-28 17:57:07.049226,8.0,Regular
EMP011,2024-11-28,False,,,0.0,Absent
EMP012,2024-11-28,False,,,0.0,Absent
EMP013,2024-11-28,True,2024-11-28 09:29:07.049226,2024-11-28 16:29:07.049226,7.0,Partial
EMP014,2024-11-28,True,2024-11-28 09:27:07.049226,2024-11-28 16:27:07.049226,7.0,Partial
EMP015,2024-11-28,True,2024-11-28 08:13:07.049226,2024-11-28 16:13:07.049226,8.0,Regular
EMP016,2024-11-28,True,2024-11-28 08:21:07.049226,2024-11-28 16:21:07.049226,8.0,Regular
EMP017,2024-11-28,True,2024-11-28 06:52:07.049226,2024-11-28 14:52:07.049226,8.0,Regular
EMP018,2024-11-28,True,2024-11-28 06:33:07.049226,2024-11-28 15:33:07.049226,9.0,Regular
EMP019,2024-11-28,True,2024-11-28 08:23:07.049226,2024-11-28 17:23:07.049226,9.0,Regular
EMP020,2024-11-28,True,2024-11-28 09:42:07.049226,2024-11-28 16:42:07.049226,7.0,Partial
EMP001,2024-11-29,True,2024-11-29 09:19:07.049226,2024-11-29 17:19:07.049226,8.0,Regular
EMP002,2024-11-29,True,2024-11-29 08:40:07.049226,2024-11-29 15:40:07.049226,7.0,Partial
EMP003,2024-11-29,False,,,0.0,Absent
EMP004,2024-11-29,True,2024-11-29 06:44:07.049226,2024-11-29 15:44:07.049226,9.0,Regular
EMP005,2024-11-29,False,,,0.0,Absent
EMP006,2024-11-29,True,2024-11-29 07:40:07.049226,2024-11-29 15:40:07.049226,8.0,Regular
EMP007,2024-11-29,True,2024-11-29 09:46:07.049226,2024-11-29 18:46:07.049226,9.0,Regular
EMP008,2024-11-29,True,2024-11-29 08:45:07.049226,2024-11-29 16:45:07.049226,8.0,Regular
EMP009,2024-11-29,True,2024-11-29 09:06:07.049226,2024-11-29 17:06:07.049226,8.0,Regular
EMP010,2024-11-29,True,2024-11-29 06:16:07.049226,2024-11-29 15:16:07.049226,9.0,Regular
EMP011,2024-11-29,True,2024-11-29 08:36:07.049226,2024-11-29 16:36:07.049226,8.0,Regular
EMP012,2024-11-29,True,2024-11-29 09:42:07.049226,2024-11-29 16:42:07.049226,7.0,Partial
EMP013,2024-11-29,True,2024-11-29 08:01:07.049226,2024-11-29 17:01:07.049226,9.0,Regular
EMP014,2024-11-29,True,2024-11-29 06:03:07.049226,2024-11-29 15:03:07.049226,9.0,Regular
EMP015,2024-11-29,True,2024-11-29 09:17:07.049226,2024-11-29 18:17:07.049226,9.0,Regular
EMP016,2024-11-29,True,2024-11-29 07:33:07.049226,2024-11-29 14:33:07.049226,7.0,Partial
EMP017,2024-11-29,True,2024-11-29 09:02:07.049226,2024-11-29 16:02:07.049226,7.0,Partial
EMP018,2024-11-29,False,,,0.0,Absent
EMP019,2024-11-29,True,2024-11-29 09:10:07.049226,2024-11-29 18:10:07.049226,9.0,Regular
EMP020,2024-11-29,True,2024-11-29 09:58:07.049226,2024-11-29 17:58:07.049226,8.0,Regular
