x,y,click,timestamp
245,247,0,2023-01-01 00:00:00
1177,79,1,2023-01-01 00:01:00
1229,99,0,2023-01-01 00:02:00
267,870,0,2023-01-01 00:03:00
426,1068,0,2023-01-01 00:04:00
199,827,0,2023-01-01 00:05:00
539,923,0,2023-01-01 00:06:00
1567,67,1,2023-01-01 00:07:00
447,253,0,2023-01-01 00:08:00
89,1049,1,2023-01-01 00:09:00
919,814,0,2023-01-01 00:10:00
1560,597,1,2023-01-01 00:11:00
1842,898,1,2023-01-01 00:12:00
508,902,0,2023-01-01 00:13:00
885,405,1,2023-01-01 00:14:00
1455,751,0,2023-01-01 00:15:00
1902,136,1,2023-01-01 00:16:00
463,582,1,2023-01-01 00:17:00
1517,207,0,2023-01-01 00:18:00
857,558,0,2023-01-01 00:19:00
1041,540,1,2023-01-01 00:20:00
1217,272,1,2023-01-01 00:21:00
1651,1014,0,2023-01-01 00:22:00
90,452,1,2023-01-01 00:23:00
1619,173,1,2023-01-01 00:24:00
957,270,0,2023-01-01 00:25:00
930,546,1,2023-01-01 00:26:00
168,168,1,2023-01-01 00:27:00
988,1075,1,2023-01-01 00:28:00
1084,396,0,2023-01-01 00:29:00
34,244,0,2023-01-01 00:30:00
1056,733,0,2023-01-01 00:31:00
107,1064,0,2023-01-01 00:32:00
1093,313,0,2023-01-01 00:33:00
1368,209,1,2023-01-01 00:34:00
1345,885,0,2023-01-01 00:35:00
1389,51,0,2023-01-01 00:36:00
546,669,0,2023-01-01 00:37:00
662,457,0,2023-01-01 00:38:00
462,500,1,2023-01-01 00:39:00
1396,74,0,2023-01-01 00:40:00
1445,802,1,2023-01-01 00:41:00
1602,459,1,2023-01-01 00:42:00
422,691,0,2023-01-01 00:43:00
138,375,1,2023-01-01 00:44:00
1908,792,0,2023-01-01 00:45:00
161,882,1,2023-01-01 00:46:00
7,660,1,2023-01-01 00:47:00
396,715,1,2023-01-01 00:48:00
841,451,0,2023-01-01 00:49:00
926,691,1,2023-01-01 00:50:00
1372,884,1,2023-01-01 00:51:00
1107,865,1,2023-01-01 00:52:00
890,895,1,2023-01-01 00:53:00
1637,662,0,2023-01-01 00:54:00
94,711,0,2023-01-01 00:55:00
13,160,1,2023-01-01 00:56:00
1726,71,0,2023-01-01 00:57:00
1062,865,0,2023-01-01 00:58:00
1015,515,1,2023-01-01 00:59:00
93,737,0,2023-01-01 01:00:00
266,262,1,2023-01-01 01:01:00
299,459,0,2023-01-01 01:02:00
65,435,1,2023-01-01 01:03:00
1277,441,1,2023-01-01 01:04:00
1126,966,1,2023-01-01 01:05:00
1741,695,0,2023-01-01 01:06:00
1549,774,1,2023-01-01 01:07:00
616,739,0,2023-01-01 01:08:00
269,266,0,2023-01-01 01:09:00
310,67,1,2023-01-01 01:10:00
1345,538,0,2023-01-01 01:11:00
1582,220,1,2023-01-01 01:12:00
392,937,1,2023-01-01 01:13:00
211,771,0,2023-01-01 01:14:00
222,1051,0,2023-01-01 01:15:00
239,537,0,2023-01-01 01:16:00
959,197,0,2023-01-01 01:17:00
2,383,0,2023-01-01 01:18:00
1208,754,1,2023-01-01 01:19:00
532,966,0,2023-01-01 01:20:00
1306,1019,0,2023-01-01 01:21:00
1178,51,1,2023-01-01 01:22:00
177,1044,0,2023-01-01 01:23:00
1864,620,0,2023-01-01 01:24:00
10,775,1,2023-01-01 01:25:00
526,418,0,2023-01-01 01:26:00
502,624,0,2023-01-01 01:27:00
1828,654,1,2023-01-01 01:28:00
316,233,1,2023-01-01 01:29:00
262,540,1,2023-01-01 01:30:00
1857,54,0,2023-01-01 01:31:00
1883,359,0,2023-01-01 01:32:00
409,695,0,2023-01-01 01:33:00
1472,524,1,2023-01-01 01:34:00
1656,202,0,2023-01-01 01:35:00
159,282,0,2023-01-01 01:36:00
48,555,1,2023-01-01 01:37:00
1783,539,0,2023-01-01 01:38:00
277,1050,1,2023-01-01 01:39:00
1469,800,1,2023-01-01 01:40:00
663,34,1,2023-01-01 01:41:00
1839,832,0,2023-01-01 01:42:00
988,621,1,2023-01-01 01:43:00
1146,115,1,2023-01-01 01:44:00
321,470,1,2023-01-01 01:45:00
721,826,0,2023-01-01 01:46:00
1043,133,1,2023-01-01 01:47:00
830,636,0,2023-01-01 01:48:00
484,316,0,2023-01-01 01:49:00
1207,704,1,2023-01-01 01:50:00
691,184,0,2023-01-01 01:51:00
1003,75,0,2023-01-01 01:52:00
66,243,0,2023-01-01 01:53:00
1376,239,0,2023-01-01 01:54:00
125,253,0,2023-01-01 01:55:00
859,299,0,2023-01-01 01:56:00
198,922,0,2023-01-01 01:57:00
322,780,0,2023-01-01 01:58:00
1261,997,1,2023-01-01 01:59:00
198,8,0,2023-01-01 02:00:00
502,842,1,2023-01-01 02:01:00
461,1038,1,2023-01-01 02:02:00
671,50,0,2023-01-01 02:03:00
909,408,1,2023-01-01 02:04:00
90,250,0,2023-01-01 02:05:00
360,910,1,2023-01-01 02:06:00
1241,31,1,2023-01-01 02:07:00
56,632,1,2023-01-01 02:08:00
857,192,1,2023-01-01 02:09:00
1209,137,0,2023-01-01 02:10:00
479,1057,1,2023-01-01 02:11:00
1692,608,1,2023-01-01 02:12:00
817,337,1,2023-01-01 02:13:00
950,793,0,2023-01-01 02:14:00
200,247,0,2023-01-01 02:15:00
645,722,0,2023-01-01 02:16:00
964,844,1,2023-01-01 02:17:00
584,606,0,2023-01-01 02:18:00
1698,508,1,2023-01-01 02:19:00
1108,883,0,2023-01-01 02:20:00
916,168,1,2023-01-01 02:21:00
423,749,0,2023-01-01 02:22:00
1842,1011,1,2023-01-01 02:23:00
784,61,0,2023-01-01 02:24:00
257,519,1,2023-01-01 02:25:00
282,130,1,2023-01-01 02:26:00
1532,942,1,2023-01-01 02:27:00
238,181,1,2023-01-01 02:28:00
1728,865,1,2023-01-01 02:29:00
940,1051,1,2023-01-01 02:30:00
1810,48,0,2023-01-01 02:31:00
1291,625,1,2023-01-01 02:32:00
1246,650,0,2023-01-01 02:33:00
1770,1000,0,2023-01-01 02:34:00
1695,84,1,2023-01-01 02:35:00
1235,823,0,2023-01-01 02:36:00
662,502,1,2023-01-01 02:37:00
1210,156,0,2023-01-01 02:38:00
1317,1009,0,2023-01-01 02:39:00
1161,446,0,2023-01-01 02:40:00
1351,513,0,2023-01-01 02:41:00
963,628,0,2023-01-01 02:42:00
1741,663,1,2023-01-01 02:43:00
881,392,1,2023-01-01 02:44:00
178,720,1,2023-01-01 02:45:00
1313,131,0,2023-01-01 02:46:00
275,702,1,2023-01-01 02:47:00
402,1052,0,2023-01-01 02:48:00
1887,1070,1,2023-01-01 02:49:00
1406,343,1,2023-01-01 02:50:00
365,174,0,2023-01-01 02:51:00
1249,993,0,2023-01-01 02:52:00
1303,989,1,2023-01-01 02:53:00
184,367,1,2023-01-01 02:54:00
1199,856,1,2023-01-01 02:55:00
212,907,0,2023-01-01 02:56:00
430,951,1,2023-01-01 02:57:00
872,163,0,2023-01-01 02:58:00
805,1037,0,2023-01-01 02:59:00
367,1077,1,2023-01-01 03:00:00
1241,31,0,2023-01-01 03:01:00
1251,322,1,2023-01-01 03:02:00
1196,725,1,2023-01-01 03:03:00
521,607,1,2023-01-01 03:04:00
721,191,1,2023-01-01 03:05:00
1850,516,0,2023-01-01 03:06:00
458,705,0,2023-01-01 03:07:00
1741,47,1,2023-01-01 03:08:00
1836,13,1,2023-01-01 03:09:00
1542,554,0,2023-01-01 03:10:00
1203,980,0,2023-01-01 03:11:00
586,679,1,2023-01-01 03:12:00
1322,432,1,2023-01-01 03:13:00
1630,957,0,2023-01-01 03:14:00
1072,374,0,2023-01-01 03:15:00
1496,47,1,2023-01-01 03:16:00
1515,1052,0,2023-01-01 03:17:00
1663,311,0,2023-01-01 03:18:00
1472,204,1,2023-01-01 03:19:00
69,195,1,2023-01-01 03:20:00
1361,827,1,2023-01-01 03:21:00
1097,490,0,2023-01-01 03:22:00
1845,329,1,2023-01-01 03:23:00
1769,48,1,2023-01-01 03:24:00
877,180,0,2023-01-01 03:25:00
495,374,1,2023-01-01 03:26:00
1207,573,1,2023-01-01 03:27:00
1079,283,0,2023-01-01 03:28:00
495,851,0,2023-01-01 03:29:00
492,142,1,2023-01-01 03:30:00
41,548,0,2023-01-01 03:31:00
590,1027,0,2023-01-01 03:32:00
703,441,0,2023-01-01 03:33:00
716,460,1,2023-01-01 03:34:00
302,419,1,2023-01-01 03:35:00
549,287,0,2023-01-01 03:36:00
198,451,1,2023-01-01 03:37:00
896,839,0,2023-01-01 03:38:00
607,288,1,2023-01-01 03:39:00
1651,873,0,2023-01-01 03:40:00
980,737,0,2023-01-01 03:41:00
99,656,1,2023-01-01 03:42:00
264,997,0,2023-01-01 03:43:00
1503,545,0,2023-01-01 03:44:00
1716,890,1,2023-01-01 03:45:00
724,438,0,2023-01-01 03:46:00
1118,54,0,2023-01-01 03:47:00
1719,624,1,2023-01-01 03:48:00
1840,223,1,2023-01-01 03:49:00
1313,662,1,2023-01-01 03:50:00
1747,207,0,2023-01-01 03:51:00
854,626,1,2023-01-01 03:52:00
935,501,1,2023-01-01 03:53:00
1838,515,0,2023-01-01 03:54:00
1164,190,1,2023-01-01 03:55:00
1366,219,0,2023-01-01 03:56:00
1149,1016,1,2023-01-01 03:57:00
1691,859,1,2023-01-01 03:58:00
993,827,0,2023-01-01 03:59:00
1587,780,1,2023-01-01 04:00:00
1466,1016,1,2023-01-01 04:01:00
1243,186,0,2023-01-01 04:02:00
1399,163,0,2023-01-01 04:03:00
1746,662,0,2023-01-01 04:04:00
603,909,1,2023-01-01 04:05:00
621,838,1,2023-01-01 04:06:00
1296,442,1,2023-01-01 04:07:00
1235,343,1,2023-01-01 04:08:00
616,394,1,2023-01-01 04:09:00
569,816,0,2023-01-01 04:10:00
510,400,1,2023-01-01 04:11:00
281,195,1,2023-01-01 04:12:00
818,868,1,2023-01-01 04:13:00
1642,871,1,2023-01-01 04:14:00
141,342,1,2023-01-01 04:15:00
857,231,1,2023-01-01 04:16:00
962,468,0,2023-01-01 04:17:00
350,894,0,2023-01-01 04:18:00
69,222,0,2023-01-01 04:19:00
2,603,1,2023-01-01 04:20:00
1191,385,0,2023-01-01 04:21:00
43,353,1,2023-01-01 04:22:00
713,557,0,2023-01-01 04:23:00
976,916,1,2023-01-01 04:24:00
981,387,1,2023-01-01 04:25:00
1365,717,1,2023-01-01 04:26:00
533,874,0,2023-01-01 04:27:00
111,509,1,2023-01-01 04:28:00
1106,907,0,2023-01-01 04:29:00
164,44,0,2023-01-01 04:30:00
237,401,0,2023-01-01 04:31:00
1137,506,0,2023-01-01 04:32:00
668,121,0,2023-01-01 04:33:00
398,618,0,2023-01-01 04:34:00
1559,792,1,2023-01-01 04:35:00
1482,560,1,2023-01-01 04:36:00
1167,646,0,2023-01-01 04:37:00
935,294,1,2023-01-01 04:38:00
1282,283,0,2023-01-01 04:39:00
760,814,1,2023-01-01 04:40:00
782,544,0,2023-01-01 04:41:00
908,471,1,2023-01-01 04:42:00
1559,218,0,2023-01-01 04:43:00
792,149,1,2023-01-01 04:44:00
1742,0,0,2023-01-01 04:45:00
1233,255,1,2023-01-01 04:46:00
442,980,0,2023-01-01 04:47:00
188,444,1,2023-01-01 04:48:00
776,847,1,2023-01-01 04:49:00
315,376,0,2023-01-01 04:50:00
1461,124,1,2023-01-01 04:51:00
1440,519,1,2023-01-01 04:52:00
1611,523,0,2023-01-01 04:53:00
209,790,1,2023-01-01 04:54:00
1053,196,1,2023-01-01 04:55:00
1364,983,1,2023-01-01 04:56:00
1277,233,1,2023-01-01 04:57:00
399,498,1,2023-01-01 04:58:00
203,851,1,2023-01-01 04:59:00
906,606,0,2023-01-01 05:00:00
1696,962,1,2023-01-01 05:01:00
1846,711,1,2023-01-01 05:02:00
1671,64,1,2023-01-01 05:03:00
1037,724,0,2023-01-01 05:04:00
1474,514,0,2023-01-01 05:05:00
1913,954,1,2023-01-01 05:06:00
470,620,0,2023-01-01 05:07:00
806,148,0,2023-01-01 05:08:00
1072,115,1,2023-01-01 05:09:00
910,764,1,2023-01-01 05:10:00
857,529,1,2023-01-01 05:11:00
664,256,0,2023-01-01 05:12:00
610,465,0,2023-01-01 05:13:00
75,172,1,2023-01-01 05:14:00
872,991,1,2023-01-01 05:15:00
1334,1051,1,2023-01-01 05:16:00
49,937,1,2023-01-01 05:17:00
1273,26,0,2023-01-01 05:18:00
507,158,0,2023-01-01 05:19:00
1120,248,0,2023-01-01 05:20:00
1343,1073,1,2023-01-01 05:21:00
409,609,0,2023-01-01 05:22:00
1681,978,0,2023-01-01 05:23:00
1108,721,1,2023-01-01 05:24:00
1110,176,1,2023-01-01 05:25:00
304,150,0,2023-01-01 05:26:00
539,1030,1,2023-01-01 05:27:00
106,773,0,2023-01-01 05:28:00
318,277,0,2023-01-01 05:29:00
1769,231,0,2023-01-01 05:30:00
1572,278,1,2023-01-01 05:31:00
756,962,1,2023-01-01 05:32:00
1577,1063,0,2023-01-01 05:33:00
298,202,1,2023-01-01 05:34:00
1627,961,1,2023-01-01 05:35:00
328,15,1,2023-01-01 05:36:00
6,443,0,2023-01-01 05:37:00
741,86,1,2023-01-01 05:38:00
60,978,1,2023-01-01 05:39:00
757,198,1,2023-01-01 05:40:00
1296,821,1,2023-01-01 05:41:00
941,41,1,2023-01-01 05:42:00
714,301,0,2023-01-01 05:43:00
936,69,1,2023-01-01 05:44:00
169,464,1,2023-01-01 05:45:00
1715,78,1,2023-01-01 05:46:00
70,346,1,2023-01-01 05:47:00
1656,330,0,2023-01-01 05:48:00
197,912,0,2023-01-01 05:49:00
987,928,0,2023-01-01 05:50:00
300,531,0,2023-01-01 05:51:00
138,468,0,2023-01-01 05:52:00
1325,416,0,2023-01-01 05:53:00
1309,692,1,2023-01-01 05:54:00
838,1031,0,2023-01-01 05:55:00
1695,103,0,2023-01-01 05:56:00
1480,871,0,2023-01-01 05:57:00
1065,326,0,2023-01-01 05:58:00
1465,315,0,2023-01-01 05:59:00
1765,696,1,2023-01-01 06:00:00
1822,944,0,2023-01-01 06:01:00
1677,313,1,2023-01-01 06:02:00
691,181,1,2023-01-01 06:03:00
970,392,1,2023-01-01 06:04:00
1339,1035,0,2023-01-01 06:05:00
1055,110,1,2023-01-01 06:06:00
1212,590,1,2023-01-01 06:07:00
406,912,1,2023-01-01 06:08:00
1020,861,1,2023-01-01 06:09:00
1373,713,0,2023-01-01 06:10:00
203,378,0,2023-01-01 06:11:00
1895,631,0,2023-01-01 06:12:00
1769,323,0,2023-01-01 06:13:00
1259,907,0,2023-01-01 06:14:00
1182,669,0,2023-01-01 06:15:00
1602,489,1,2023-01-01 06:16:00
1051,1057,1,2023-01-01 06:17:00
1076,843,0,2023-01-01 06:18:00
658,770,1,2023-01-01 06:19:00
1749,425,1,2023-01-01 06:20:00
1560,862,1,2023-01-01 06:21:00
1194,172,1,2023-01-01 06:22:00
869,228,0,2023-01-01 06:23:00
119,942,1,2023-01-01 06:24:00
92,660,1,2023-01-01 06:25:00
47,79,1,2023-01-01 06:26:00
1209,326,1,2023-01-01 06:27:00
1310,8,1,2023-01-01 06:28:00
603,512,1,2023-01-01 06:29:00
270,872,1,2023-01-01 06:30:00
1265,88,0,2023-01-01 06:31:00
802,288,1,2023-01-01 06:32:00
1606,711,0,2023-01-01 06:33:00
44,618,0,2023-01-01 06:34:00
1913,458,0,2023-01-01 06:35:00
1164,847,1,2023-01-01 06:36:00
1244,508,0,2023-01-01 06:37:00
1574,916,1,2023-01-01 06:38:00
1854,503,1,2023-01-01 06:39:00
931,287,0,2023-01-01 06:40:00
441,549,0,2023-01-01 06:41:00
721,177,0,2023-01-01 06:42:00
401,493,0,2023-01-01 06:43:00
1626,958,0,2023-01-01 06:44:00
148,33,1,2023-01-01 06:45:00
761,112,0,2023-01-01 06:46:00
856,722,0,2023-01-01 06:47:00
1736,268,0,2023-01-01 06:48:00
1294,1014,1,2023-01-01 06:49:00
1174,716,1,2023-01-01 06:50:00
1012,427,0,2023-01-01 06:51:00
643,634,1,2023-01-01 06:52:00
1506,883,1,2023-01-01 06:53:00
1405,303,0,2023-01-01 06:54:00
1767,294,1,2023-01-01 06:55:00
1155,268,1,2023-01-01 06:56:00
1280,259,0,2023-01-01 06:57:00
1449,573,1,2023-01-01 06:58:00
164,900,0,2023-01-01 06:59:00
184,949,1,2023-01-01 07:00:00
1124,476,0,2023-01-01 07:01:00
825,524,0,2023-01-01 07:02:00
1051,160,0,2023-01-01 07:03:00
150,608,1,2023-01-01 07:04:00
1689,49,1,2023-01-01 07:05:00
1719,25,0,2023-01-01 07:06:00
1848,41,1,2023-01-01 07:07:00
342,1028,0,2023-01-01 07:08:00
1185,319,0,2023-01-01 07:09:00
1374,195,0,2023-01-01 07:10:00
892,837,0,2023-01-01 07:11:00
666,338,0,2023-01-01 07:12:00
1194,912,1,2023-01-01 07:13:00
1487,164,0,2023-01-01 07:14:00
1036,657,1,2023-01-01 07:15:00
343,748,0,2023-01-01 07:16:00
1243,419,1,2023-01-01 07:17:00
1746,60,0,2023-01-01 07:18:00
1242,414,0,2023-01-01 07:19:00
1821,80,0,2023-01-01 07:20:00
173,474,1,2023-01-01 07:21:00
546,221,0,2023-01-01 07:22:00
109,668,1,2023-01-01 07:23:00
1521,103,0,2023-01-01 07:24:00
194,583,0,2023-01-01 07:25:00
420,516,0,2023-01-01 07:26:00
319,880,0,2023-01-01 07:27:00
219,1043,1,2023-01-01 07:28:00
768,318,0,2023-01-01 07:29:00
1892,637,1,2023-01-01 07:30:00
321,295,0,2023-01-01 07:31:00
281,418,0,2023-01-01 07:32:00
448,963,0,2023-01-01 07:33:00
1051,785,0,2023-01-01 07:34:00
325,895,0,2023-01-01 07:35:00
1069,72,0,2023-01-01 07:36:00
1442,120,0,2023-01-01 07:37:00
133,400,1,2023-01-01 07:38:00
164,615,0,2023-01-01 07:39:00
10,477,0,2023-01-01 07:40:00
1029,763,0,2023-01-01 07:41:00
891,571,0,2023-01-01 07:42:00
1175,508,1,2023-01-01 07:43:00
769,986,0,2023-01-01 07:44:00
1746,446,1,2023-01-01 07:45:00
1846,538,0,2023-01-01 07:46:00
1878,589,1,2023-01-01 07:47:00
277,858,1,2023-01-01 07:48:00
728,82,1,2023-01-01 07:49:00
1661,368,0,2023-01-01 07:50:00
845,184,1,2023-01-01 07:51:00
855,96,1,2023-01-01 07:52:00
197,363,1,2023-01-01 07:53:00
461,1012,1,2023-01-01 07:54:00
1268,462,0,2023-01-01 07:55:00
497,32,1,2023-01-01 07:56:00
1747,335,1,2023-01-01 07:57:00
870,939,0,2023-01-01 07:58:00
1849,105,0,2023-01-01 07:59:00
885,1070,0,2023-01-01 08:00:00
604,651,0,2023-01-01 08:01:00
1566,303,0,2023-01-01 08:02:00
948,372,1,2023-01-01 08:03:00
974,347,0,2023-01-01 08:04:00
1081,633,1,2023-01-01 08:05:00
15,616,0,2023-01-01 08:06:00
1046,176,1,2023-01-01 08:07:00
895,210,0,2023-01-01 08:08:00
1897,244,0,2023-01-01 08:09:00
1118,1047,1,2023-01-01 08:10:00
928,206,0,2023-01-01 08:11:00
1571,337,0,2023-01-01 08:12:00
1834,404,1,2023-01-01 08:13:00
903,1073,1,2023-01-01 08:14:00
1116,994,1,2023-01-01 08:15:00
1348,626,1,2023-01-01 08:16:00
1716,513,1,2023-01-01 08:17:00
1451,1038,0,2023-01-01 08:18:00
1552,437,1,2023-01-01 08:19:00
1786,567,1,2023-01-01 08:20:00
795,524,0,2023-01-01 08:21:00
1316,1075,0,2023-01-01 08:22:00
685,806,1,2023-01-01 08:23:00
1141,708,0,2023-01-01 08:24:00
1902,720,0,2023-01-01 08:25:00
414,845,1,2023-01-01 08:26:00
1553,586,0,2023-01-01 08:27:00
1241,28,0,2023-01-01 08:28:00
931,907,1,2023-01-01 08:29:00
347,427,1,2023-01-01 08:30:00
1199,211,1,2023-01-01 08:31:00
1062,16,1,2023-01-01 08:32:00
764,228,0,2023-01-01 08:33:00
1037,540,1,2023-01-01 08:34:00
48,334,1,2023-01-01 08:35:00
949,631,0,2023-01-01 08:36:00
1858,74,1,2023-01-01 08:37:00
1881,155,1,2023-01-01 08:38:00
1750,426,0,2023-01-01 08:39:00
204,700,1,2023-01-01 08:40:00
1889,669,0,2023-01-01 08:41:00
1468,451,1,2023-01-01 08:42:00
1386,1047,0,2023-01-01 08:43:00
1112,917,0,2023-01-01 08:44:00
409,686,1,2023-01-01 08:45:00
560,847,1,2023-01-01 08:46:00
1031,542,0,2023-01-01 08:47:00
1500,315,0,2023-01-01 08:48:00
1374,549,1,2023-01-01 08:49:00
620,968,1,2023-01-01 08:50:00
43,846,0,2023-01-01 08:51:00
1350,934,0,2023-01-01 08:52:00
144,1050,1,2023-01-01 08:53:00
365,719,0,2023-01-01 08:54:00
1641,76,0,2023-01-01 08:55:00
717,144,1,2023-01-01 08:56:00
531,343,0,2023-01-01 08:57:00
950,971,0,2023-01-01 08:58:00
595,371,1,2023-01-01 08:59:00
105,315,1,2023-01-01 09:00:00
987,470,0,2023-01-01 09:01:00
1868,350,0,2023-01-01 09:02:00
997,247,0,2023-01-01 09:03:00
1030,423,0,2023-01-01 09:04:00
495,408,1,2023-01-01 09:05:00
1884,733,1,2023-01-01 09:06:00
221,600,1,2023-01-01 09:07:00
355,798,0,2023-01-01 09:08:00
995,233,0,2023-01-01 09:09:00
1252,973,0,2023-01-01 09:10:00
1618,859,1,2023-01-01 09:11:00
930,726,0,2023-01-01 09:12:00
982,514,1,2023-01-01 09:13:00
1702,627,0,2023-01-01 09:14:00
640,1041,1,2023-01-01 09:15:00
598,84,0,2023-01-01 09:16:00
827,1045,1,2023-01-01 09:17:00
1823,1017,0,2023-01-01 09:18:00
962,312,0,2023-01-01 09:19:00
1413,179,0,2023-01-01 09:20:00
525,623,1,2023-01-01 09:21:00
577,603,0,2023-01-01 09:22:00
1810,1045,1,2023-01-01 09:23:00
67,797,1,2023-01-01 09:24:00
1752,683,1,2023-01-01 09:25:00
789,615,1,2023-01-01 09:26:00
1869,1049,0,2023-01-01 09:27:00
1441,638,1,2023-01-01 09:28:00
114,972,1,2023-01-01 09:29:00
1353,407,0,2023-01-01 09:30:00
796,72,0,2023-01-01 09:31:00
1770,876,0,2023-01-01 09:32:00
1294,614,1,2023-01-01 09:33:00
410,325,1,2023-01-01 09:34:00
590,563,1,2023-01-01 09:35:00
685,496,0,2023-01-01 09:36:00
1291,69,1,2023-01-01 09:37:00
1726,46,0,2023-01-01 09:38:00
406,521,0,2023-01-01 09:39:00
367,132,0,2023-01-01 09:40:00
1546,983,0,2023-01-01 09:41:00
1681,125,0,2023-01-01 09:42:00
57,601,0,2023-01-01 09:43:00
1771,112,1,2023-01-01 09:44:00
878,827,1,2023-01-01 09:45:00
1104,879,0,2023-01-01 09:46:00
189,942,1,2023-01-01 09:47:00
73,629,1,2023-01-01 09:48:00
1692,191,1,2023-01-01 09:49:00
338,499,1,2023-01-01 09:50:00
341,270,1,2023-01-01 09:51:00
1235,478,1,2023-01-01 09:52:00
1008,9,1,2023-01-01 09:53:00
792,651,1,2023-01-01 09:54:00
1445,286,0,2023-01-01 09:55:00
1730,417,1,2023-01-01 09:56:00
709,813,1,2023-01-01 09:57:00
1166,890,0,2023-01-01 09:58:00
1844,758,1,2023-01-01 09:59:00
304,898,0,2023-01-01 10:00:00
1448,274,1,2023-01-01 10:01:00
877,783,1,2023-01-01 10:02:00
1742,563,1,2023-01-01 10:03:00
543,764,0,2023-01-01 10:04:00
599,1022,1,2023-01-01 10:05:00
984,181,1,2023-01-01 10:06:00
1500,267,1,2023-01-01 10:07:00
864,398,1,2023-01-01 10:08:00
784,670,0,2023-01-01 10:09:00
553,685,0,2023-01-01 10:10:00
1773,515,1,2023-01-01 10:11:00
1536,616,1,2023-01-01 10:12:00
1607,103,0,2023-01-01 10:13:00
527,942,1,2023-01-01 10:14:00
1268,498,0,2023-01-01 10:15:00
539,129,1,2023-01-01 10:16:00
1051,700,1,2023-01-01 10:17:00
129,704,1,2023-01-01 10:18:00
1427,301,1,2023-01-01 10:19:00
1294,829,0,2023-01-01 10:20:00
918,564,0,2023-01-01 10:21:00
1849,1040,1,2023-01-01 10:22:00
902,559,0,2023-01-01 10:23:00
523,92,0,2023-01-01 10:24:00
1777,317,1,2023-01-01 10:25:00
664,1001,0,2023-01-01 10:26:00
1136,389,1,2023-01-01 10:27:00
1299,806,1,2023-01-01 10:28:00
412,679,0,2023-01-01 10:29:00
1661,160,1,2023-01-01 10:30:00
1025,846,0,2023-01-01 10:31:00
1864,735,0,2023-01-01 10:32:00
682,574,1,2023-01-01 10:33:00
1069,298,0,2023-01-01 10:34:00
422,137,1,2023-01-01 10:35:00
388,853,0,2023-01-01 10:36:00
1440,622,1,2023-01-01 10:37:00
1203,668,1,2023-01-01 10:38:00
1761,452,0,2023-01-01 10:39:00
907,422,0,2023-01-01 10:40:00
287,1013,0,2023-01-01 10:41:00
1344,1079,0,2023-01-01 10:42:00
1675,538,0,2023-01-01 10:43:00
1860,196,0,2023-01-01 10:44:00
471,786,0,2023-01-01 10:45:00
951,475,0,2023-01-01 10:46:00
1869,203,1,2023-01-01 10:47:00
123,332,1,2023-01-01 10:48:00
1454,922,0,2023-01-01 10:49:00
1450,598,0,2023-01-01 10:50:00
947,518,0,2023-01-01 10:51:00
484,522,1,2023-01-01 10:52:00
603,561,0,2023-01-01 10:53:00
1732,1067,0,2023-01-01 10:54:00
333,854,1,2023-01-01 10:55:00
1003,418,0,2023-01-01 10:56:00
1399,614,0,2023-01-01 10:57:00
870,997,1,2023-01-01 10:58:00
764,285,1,2023-01-01 10:59:00
1072,71,1,2023-01-01 11:00:00
1888,299,0,2023-01-01 11:01:00
1403,312,0,2023-01-01 11:02:00
1501,62,1,2023-01-01 11:03:00
441,548,0,2023-01-01 11:04:00
1918,654,0,2023-01-01 11:05:00
700,280,0,2023-01-01 11:06:00
1700,349,1,2023-01-01 11:07:00
651,1071,0,2023-01-01 11:08:00
1393,945,1,2023-01-01 11:09:00
1625,183,1,2023-01-01 11:10:00
1774,866,0,2023-01-01 11:11:00
537,293,0,2023-01-01 11:12:00
1765,695,0,2023-01-01 11:13:00
529,370,1,2023-01-01 11:14:00
1717,410,1,2023-01-01 11:15:00
1043,317,1,2023-01-01 11:16:00
188,900,0,2023-01-01 11:17:00
990,166,1,2023-01-01 11:18:00
1559,967,1,2023-01-01 11:19:00
1346,561,1,2023-01-01 11:20:00
1159,494,0,2023-01-01 11:21:00
536,462,1,2023-01-01 11:22:00
1645,1042,0,2023-01-01 11:23:00
1797,1079,0,2023-01-01 11:24:00
1059,301,1,2023-01-01 11:25:00
570,574,1,2023-01-01 11:26:00
800,620,0,2023-01-01 11:27:00
1697,750,0,2023-01-01 11:28:00
243,323,0,2023-01-01 11:29:00
1836,432,0,2023-01-01 11:30:00
1890,902,1,2023-01-01 11:31:00
857,76,0,2023-01-01 11:32:00
1032,937,1,2023-01-01 11:33:00
443,598,0,2023-01-01 11:34:00
1871,43,1,2023-01-01 11:35:00
1424,257,0,2023-01-01 11:36:00
1242,62,0,2023-01-01 11:37:00
1231,657,1,2023-01-01 11:38:00
1703,558,0,2023-01-01 11:39:00
1476,617,1,2023-01-01 11:40:00
319,481,0,2023-01-01 11:41:00
251,459,0,2023-01-01 11:42:00
1340,1070,1,2023-01-01 11:43:00
1143,868,0,2023-01-01 11:44:00
1102,798,1,2023-01-01 11:45:00
828,639,0,2023-01-01 11:46:00
401,465,1,2023-01-01 11:47:00
152,668,0,2023-01-01 11:48:00
1341,344,0,2023-01-01 11:49:00
1654,964,1,2023-01-01 11:50:00
955,810,1,2023-01-01 11:51:00
949,242,0,2023-01-01 11:52:00
1885,971,1,2023-01-01 11:53:00
739,965,1,2023-01-01 11:54:00
250,59,1,2023-01-01 11:55:00
1464,523,0,2023-01-01 11:56:00
1198,1011,0,2023-01-01 11:57:00
57,491,0,2023-01-01 11:58:00
179,957,1,2023-01-01 11:59:00
1495,1054,1,2023-01-01 12:00:00
1001,918,1,2023-01-01 12:01:00
131,423,0,2023-01-01 12:02:00
0,449,0,2023-01-01 12:03:00
625,170,1,2023-01-01 12:04:00
88,86,1,2023-01-01 12:05:00
676,1022,0,2023-01-01 12:06:00
1620,792,1,2023-01-01 12:07:00
1123,843,0,2023-01-01 12:08:00
943,54,1,2023-01-01 12:09:00
1280,275,0,2023-01-01 12:10:00
442,1064,0,2023-01-01 12:11:00
1689,699,0,2023-01-01 12:12:00
303,781,0,2023-01-01 12:13:00
1237,389,0,2023-01-01 12:14:00
1040,806,0,2023-01-01 12:15:00
535,226,1,2023-01-01 12:16:00
832,396,1,2023-01-01 12:17:00
1125,681,0,2023-01-01 12:18:00
1183,1004,1,2023-01-01 12:19:00
1139,464,1,2023-01-01 12:20:00
32,360,0,2023-01-01 12:21:00
471,564,0,2023-01-01 12:22:00
609,336,0,2023-01-01 12:23:00
823,301,0,2023-01-01 12:24:00
757,719,1,2023-01-01 12:25:00
913,34,0,2023-01-01 12:26:00
653,721,0,2023-01-01 12:27:00
453,1078,1,2023-01-01 12:28:00
523,951,0,2023-01-01 12:29:00
530,710,0,2023-01-01 12:30:00
1859,4,1,2023-01-01 12:31:00
443,327,0,2023-01-01 12:32:00
343,73,1,2023-01-01 12:33:00
909,975,1,2023-01-01 12:34:00
414,226,0,2023-01-01 12:35:00
1846,771,0,2023-01-01 12:36:00
1754,31,0,2023-01-01 12:37:00
280,64,0,2023-01-01 12:38:00
1821,36,1,2023-01-01 12:39:00
686,117,1,2023-01-01 12:40:00
770,544,0,2023-01-01 12:41:00
1139,876,0,2023-01-01 12:42:00
1349,578,0,2023-01-01 12:43:00
1707,507,0,2023-01-01 12:44:00
146,759,0,2023-01-01 12:45:00
434,709,1,2023-01-01 12:46:00
50,138,0,2023-01-01 12:47:00
694,447,1,2023-01-01 12:48:00
1020,225,1,2023-01-01 12:49:00
1329,657,1,2023-01-01 12:50:00
1466,283,0,2023-01-01 12:51:00
956,294,1,2023-01-01 12:52:00
1140,221,0,2023-01-01 12:53:00
1317,840,1,2023-01-01 12:54:00
486,899,1,2023-01-01 12:55:00
627,578,1,2023-01-01 12:56:00
1616,349,0,2023-01-01 12:57:00
1013,539,0,2023-01-01 12:58:00
46,487,0,2023-01-01 12:59:00
793,448,0,2023-01-01 13:00:00
452,559,0,2023-01-01 13:01:00
1516,118,1,2023-01-01 13:02:00
1384,840,1,2023-01-01 13:03:00
694,70,1,2023-01-01 13:04:00
1278,1069,1,2023-01-01 13:05:00
674,683,1,2023-01-01 13:06:00
204,577,1,2023-01-01 13:07:00
171,882,1,2023-01-01 13:08:00
1107,331,1,2023-01-01 13:09:00
410,572,1,2023-01-01 13:10:00
1466,517,1,2023-01-01 13:11:00
892,1056,0,2023-01-01 13:12:00
923,379,0,2023-01-01 13:13:00
972,607,1,2023-01-01 13:14:00
1062,72,1,2023-01-01 13:15:00
1284,292,1,2023-01-01 13:16:00
373,539,0,2023-01-01 13:17:00
266,861,0,2023-01-01 13:18:00
1241,149,0,2023-01-01 13:19:00
940,395,1,2023-01-01 13:20:00
1607,692,1,2023-01-01 13:21:00
1834,226,0,2023-01-01 13:22:00
1606,593,0,2023-01-01 13:23:00
1884,773,1,2023-01-01 13:24:00
58,317,1,2023-01-01 13:25:00
1023,262,0,2023-01-01 13:26:00
311,252,1,2023-01-01 13:27:00
129,122,1,2023-01-01 13:28:00
1160,627,0,2023-01-01 13:29:00
1192,312,0,2023-01-01 13:30:00
106,440,1,2023-01-01 13:31:00
33,621,0,2023-01-01 13:32:00
1264,139,0,2023-01-01 13:33:00
304,678,1,2023-01-01 13:34:00
1245,1074,0,2023-01-01 13:35:00
1423,727,1,2023-01-01 13:36:00
1491,1002,0,2023-01-01 13:37:00
17,323,0,2023-01-01 13:38:00
891,1070,1,2023-01-01 13:39:00
1676,533,0,2023-01-01 13:40:00
839,569,1,2023-01-01 13:41:00
547,600,1,2023-01-01 13:42:00
813,341,1,2023-01-01 13:43:00
418,486,1,2023-01-01 13:44:00
1853,603,1,2023-01-01 13:45:00
868,41,1,2023-01-01 13:46:00
295,138,1,2023-01-01 13:47:00
848,669,0,2023-01-01 13:48:00
1888,502,1,2023-01-01 13:49:00
1071,1047,0,2023-01-01 13:50:00
1860,771,0,2023-01-01 13:51:00
1518,254,1,2023-01-01 13:52:00
864,624,0,2023-01-01 13:53:00
950,25,0,2023-01-01 13:54:00
442,789,1,2023-01-01 13:55:00
1592,305,1,2023-01-01 13:56:00
1589,791,1,2023-01-01 13:57:00
176,876,1,2023-01-01 13:58:00
778,287,0,2023-01-01 13:59:00
1631,1077,1,2023-01-01 14:00:00
1675,592,0,2023-01-01 14:01:00
890,1024,1,2023-01-01 14:02:00
358,853,0,2023-01-01 14:03:00
68,37,1,2023-01-01 14:04:00
750,1042,1,2023-01-01 14:05:00
936,988,0,2023-01-01 14:06:00
1428,972,1,2023-01-01 14:07:00
1240,345,0,2023-01-01 14:08:00
1675,170,1,2023-01-01 14:09:00
1784,499,0,2023-01-01 14:10:00
1517,790,1,2023-01-01 14:11:00
1330,95,1,2023-01-01 14:12:00
1876,142,1,2023-01-01 14:13:00
705,519,0,2023-01-01 14:14:00
1357,534,0,2023-01-01 14:15:00
1303,388,1,2023-01-01 14:16:00
815,884,0,2023-01-01 14:17:00
1813,738,0,2023-01-01 14:18:00
401,900,1,2023-01-01 14:19:00
523,439,0,2023-01-01 14:20:00
871,697,1,2023-01-01 14:21:00
786,270,1,2023-01-01 14:22:00
389,1052,0,2023-01-01 14:23:00
1031,86,1,2023-01-01 14:24:00
548,1003,1,2023-01-01 14:25:00
423,209,1,2023-01-01 14:26:00
1628,200,1,2023-01-01 14:27:00
1643,78,1,2023-01-01 14:28:00
232,130,0,2023-01-01 14:29:00
256,338,0,2023-01-01 14:30:00
1873,317,0,2023-01-01 14:31:00
1731,828,0,2023-01-01 14:32:00
487,312,0,2023-01-01 14:33:00
1125,846,0,2023-01-01 14:34:00
1688,397,0,2023-01-01 14:35:00
140,376,0,2023-01-01 14:36:00
848,1044,0,2023-01-01 14:37:00
1102,98,1,2023-01-01 14:38:00
69,262,0,2023-01-01 14:39:00
1574,871,0,2023-01-01 14:40:00
685,578,0,2023-01-01 14:41:00
1380,438,0,2023-01-01 14:42:00
240,101,0,2023-01-01 14:43:00
1711,258,1,2023-01-01 14:44:00
739,602,0,2023-01-01 14:45:00
1881,681,0,2023-01-01 14:46:00
1567,494,0,2023-01-01 14:47:00
1771,297,1,2023-01-01 14:48:00
1221,640,1,2023-01-01 14:49:00
326,919,1,2023-01-01 14:50:00
1675,394,0,2023-01-01 14:51:00
678,557,1,2023-01-01 14:52:00
827,489,0,2023-01-01 14:53:00
1494,957,0,2023-01-01 14:54:00
388,977,1,2023-01-01 14:55:00
13,91,1,2023-01-01 14:56:00
144,481,0,2023-01-01 14:57:00
848,979,0,2023-01-01 14:58:00
1347,978,1,2023-01-01 14:59:00
1185,351,0,2023-01-01 15:00:00
267,24,1,2023-01-01 15:01:00
1400,372,0,2023-01-01 15:02:00
650,104,0,2023-01-01 15:03:00
29,143,1,2023-01-01 15:04:00
1810,846,1,2023-01-01 15:05:00
1033,150,0,2023-01-01 15:06:00
1389,88,0,2023-01-01 15:07:00
1206,329,0,2023-01-01 15:08:00
690,310,0,2023-01-01 15:09:00
1635,564,1,2023-01-01 15:10:00
220,723,0,2023-01-01 15:11:00
1505,832,1,2023-01-01 15:12:00
56,743,1,2023-01-01 15:13:00
565,62,0,2023-01-01 15:14:00
1636,337,0,2023-01-01 15:15:00
1427,600,0,2023-01-01 15:16:00
1013,751,1,2023-01-01 15:17:00
1028,654,0,2023-01-01 15:18:00
626,936,1,2023-01-01 15:19:00
827,76,0,2023-01-01 15:20:00
437,705,1,2023-01-01 15:21:00
801,707,0,2023-01-01 15:22:00
898,96,0,2023-01-01 15:23:00
468,54,0,2023-01-01 15:24:00
1426,106,0,2023-01-01 15:25:00
836,1045,0,2023-01-01 15:26:00
878,221,0,2023-01-01 15:27:00
128,926,1,2023-01-01 15:28:00
516,96,0,2023-01-01 15:29:00
159,443,1,2023-01-01 15:30:00
1305,384,0,2023-01-01 15:31:00
1391,849,0,2023-01-01 15:32:00
1543,805,0,2023-01-01 15:33:00
1511,292,0,2023-01-01 15:34:00
371,975,1,2023-01-01 15:35:00
792,234,1,2023-01-01 15:36:00
810,145,1,2023-01-01 15:37:00
461,242,1,2023-01-01 15:38:00
969,0,1,2023-01-01 15:39:00
958,39,1,2023-01-01 15:40:00
124,252,1,2023-01-01 15:41:00
1778,1055,1,2023-01-01 15:42:00
1791,849,0,2023-01-01 15:43:00
510,922,0,2023-01-01 15:44:00
149,355,1,2023-01-01 15:45:00
1703,520,0,2023-01-01 15:46:00
1186,360,1,2023-01-01 15:47:00
1818,819,1,2023-01-01 15:48:00
276,430,1,2023-01-01 15:49:00
302,348,0,2023-01-01 15:50:00
1172,542,1,2023-01-01 15:51:00
1813,859,0,2023-01-01 15:52:00
1724,1025,1,2023-01-01 15:53:00
685,751,1,2023-01-01 15:54:00
557,744,0,2023-01-01 15:55:00
117,885,1,2023-01-01 15:56:00
1648,1009,1,2023-01-01 15:57:00
26,417,0,2023-01-01 15:58:00
1552,175,0,2023-01-01 15:59:00
845,908,0,2023-01-01 16:00:00
1580,976,1,2023-01-01 16:01:00
726,727,1,2023-01-01 16:02:00
1544,126,0,2023-01-01 16:03:00
1546,695,1,2023-01-01 16:04:00
794,363,1,2023-01-01 16:05:00
1660,155,1,2023-01-01 16:06:00
768,258,0,2023-01-01 16:07:00
1325,578,1,2023-01-01 16:08:00
688,473,1,2023-01-01 16:09:00
1379,1030,0,2023-01-01 16:10:00
1724,159,1,2023-01-01 16:11:00
539,110,0,2023-01-01 16:12:00
39,521,1,2023-01-01 16:13:00
1032,140,0,2023-01-01 16:14:00
3,108,1,2023-01-01 16:15:00
23,883,1,2023-01-01 16:16:00
755,27,0,2023-01-01 16:17:00
1609,377,0,2023-01-01 16:18:00
902,754,0,2023-01-01 16:19:00
1763,199,0,2023-01-01 16:20:00
1003,179,0,2023-01-01 16:21:00
1100,1056,1,2023-01-01 16:22:00
155,131,1,2023-01-01 16:23:00
202,875,1,2023-01-01 16:24:00
734,49,0,2023-01-01 16:25:00
188,660,0,2023-01-01 16:26:00
1438,803,0,2023-01-01 16:27:00
1905,127,1,2023-01-01 16:28:00
1280,161,1,2023-01-01 16:29:00
361,747,1,2023-01-01 16:30:00
99,582,0,2023-01-01 16:31:00
116,696,0,2023-01-01 16:32:00
1074,551,1,2023-01-01 16:33:00
199,353,0,2023-01-01 16:34:00
194,821,0,2023-01-01 16:35:00
1658,1078,0,2023-01-01 16:36:00
1808,398,1,2023-01-01 16:37:00
1617,878,1,2023-01-01 16:38:00
75,606,0,2023-01-01 16:39:00
