activity,duration,timestamp
Email,1796.4473258081648,2023-01-01 00:00:00
Email,890.7331591709069,2023-01-01 00:01:00
Project Work,4492.210618649247,2023-01-01 00:02:00
Project Work,5448.298469291553,2023-01-01 00:03:00
Meetings,1615.6285901561282,2023-01-01 00:04:00
Email,1803.7880688698729,2023-01-01 00:05:00
Email,3902.856950477498,2023-01-01 00:06:00
Project Work,3021.24470040576,2023-01-01 00:07:00
Deep Work,2808.4047989251567,2023-01-01 00:08:00
Meetings,5300.479598296943,2023-01-01 00:09:00
Deep Work,555.2552307053559,2023-01-01 00:10:00
Project Work,3627.247842169532,2023-01-01 00:11:00
Meetings,1798.6354658888488,2023-01-01 00:12:00
Meetings,6931.295306074471,2023-01-01 00:13:00
Deep Work,5873.415880193369,2023-01-01 00:14:00
Meetings,406.1941647945441,2023-01-01 00:15:00
Meetings,5312.274124375099,2023-01-01 00:16:00
Email,5532.558910670404,2023-01-01 00:17:00
Meetings,965.9600832267917,2023-01-01 00:18:00
Meetings,5537.164187656927,2023-01-01 00:19:00
Meetings,1852.5482302372704,2023-01-01 00:20:00
Email,5527.665034089463,2023-01-01 00:21:00
Meetings,1845.7620531931063,2023-01-01 00:22:00
Email,5737.752284365386,2023-01-01 00:23:00
Meetings,1939.2227388841627,2023-01-01 00:24:00
Project Work,4898.198588175816,2023-01-01 00:25:00
Project Work,6274.02991059286,2023-01-01 00:26:00
Email,1964.6326515669089,2023-01-01 00:27:00
Meetings,1858.795441303836,2023-01-01 00:28:00
Project Work,1202.3957665858115,2023-01-01 00:29:00
Email,3969.706906326297,2023-01-01 00:30:00
Email,1236.9369275990778,2023-01-01 00:31:00
Project Work,5035.459239635215,2023-01-01 00:32:00
Meetings,1761.3372757008035,2023-01-01 00:33:00
Email,5072.824096348802,2023-01-01 00:34:00
Deep Work,6050.086044368473,2023-01-01 00:35:00
Email,7038.057716475243,2023-01-01 00:36:00
Email,1779.216631975239,2023-01-01 00:37:00
Project Work,628.706930328503,2023-01-01 00:38:00
Project Work,1684.8298893145384,2023-01-01 00:39:00
Meetings,960.5514641301984,2023-01-01 00:40:00
Meetings,3181.657992630516,2023-01-01 00:41:00
Project Work,1195.0842505399928,2023-01-01 00:42:00
Meetings,4982.284830527312,2023-01-01 00:43:00
Email,6329.748783854901,2023-01-01 00:44:00
Meetings,5448.813103513168,2023-01-01 00:45:00
Deep Work,525.6434910434343,2023-01-01 00:46:00
Email,6463.723989307054,2023-01-01 00:47:00
Email,4119.872299520661,2023-01-01 00:48:00
Deep Work,6321.355407203937,2023-01-01 00:49:00
Meetings,6250.471904998934,2023-01-01 00:50:00
Project Work,3922.186250401755,2023-01-01 00:51:00
Project Work,5299.15492738297,2023-01-01 00:52:00
Project Work,302.58107063137976,2023-01-01 00:53:00
Email,686.4323559050504,2023-01-01 00:54:00
Email,5945.197828715922,2023-01-01 00:55:00
Project Work,3304.6060802019883,2023-01-01 00:56:00
Meetings,5182.262722771019,2023-01-01 00:57:00
Deep Work,2990.94275164839,2023-01-01 00:58:00
Project Work,703.8119726325572,2023-01-01 00:59:00
Email,1091.889687609711,2023-01-01 01:00:00
Deep Work,3809.066603432248,2023-01-01 01:01:00
Email,5193.241124475179,2023-01-01 01:02:00
Deep Work,3661.674325762768,2023-01-01 01:03:00
Project Work,676.7137077271746,2023-01-01 01:04:00
Meetings,4275.157060453403,2023-01-01 01:05:00
Project Work,4613.367598487676,2023-01-01 01:06:00
Meetings,3517.9812630428405,2023-01-01 01:07:00
Meetings,3433.947924689475,2023-01-01 01:08:00
Meetings,3934.400166371896,2023-01-01 01:09:00
Meetings,6677.50831313997,2023-01-01 01:10:00
Meetings,1818.6683500240108,2023-01-01 01:11:00
Project Work,6701.334625881441,2023-01-01 01:12:00
Meetings,4529.5692425251245,2023-01-01 01:13:00
Email,5251.1559519335215,2023-01-01 01:14:00
Email,2802.796814898595,2023-01-01 01:15:00
Project Work,6648.783271029855,2023-01-01 01:16:00
Project Work,2400.8074636775013,2023-01-01 01:17:00
Meetings,5056.392360256481,2023-01-01 01:18:00
Deep Work,2097.664752820295,2023-01-01 01:19:00
Email,2529.582883237965,2023-01-01 01:20:00
Project Work,6953.626571476487,2023-01-01 01:21:00
Deep Work,3883.674978120426,2023-01-01 01:22:00
Meetings,3623.884524741727,2023-01-01 01:23:00
Deep Work,3492.136759998804,2023-01-01 01:24:00
Email,3320.126553647793,2023-01-01 01:25:00
Meetings,1577.7062621124703,2023-01-01 01:26:00
Deep Work,3447.6103076615404,2023-01-01 01:27:00
Meetings,2874.778159388117,2023-01-01 01:28:00
Project Work,4254.887376188157,2023-01-01 01:29:00
Meetings,3146.431368451505,2023-01-01 01:30:00
Deep Work,1078.2179920795136,2023-01-01 01:31:00
Project Work,1448.2479192423136,2023-01-01 01:32:00
Email,5580.252682053133,2023-01-01 01:33:00
Deep Work,2163.140940584834,2023-01-01 01:34:00
Email,4517.133809655558,2023-01-01 01:35:00
Meetings,4951.926281491816,2023-01-01 01:36:00
Deep Work,2802.736398967774,2023-01-01 01:37:00
Meetings,6282.302114578507,2023-01-01 01:38:00
Email,2812.691953827927,2023-01-01 01:39:00
Meetings,2761.71130044143,2023-01-01 01:40:00
Deep Work,3348.0818253118773,2023-01-01 01:41:00
Email,664.077050925499,2023-01-01 01:42:00
Deep Work,5028.557751229083,2023-01-01 01:43:00
Deep Work,4696.917847362364,2023-01-01 01:44:00
Project Work,5818.486871165977,2023-01-01 01:45:00
Email,6193.456405275992,2023-01-01 01:46:00
Project Work,5784.62674934071,2023-01-01 01:47:00
Deep Work,5673.317374876231,2023-01-01 01:48:00
Project Work,1910.4517178082388,2023-01-01 01:49:00
Deep Work,3448.8437709867912,2023-01-01 01:50:00
Project Work,2939.6334249938964,2023-01-01 01:51:00
Email,3989.45820633966,2023-01-01 01:52:00
Deep Work,1783.194012191945,2023-01-01 01:53:00
Email,3940.5314276363615,2023-01-01 01:54:00
Email,4825.576200625102,2023-01-01 01:55:00
Deep Work,6162.042451363775,2023-01-01 01:56:00
Project Work,3634.501521698317,2023-01-01 01:57:00
Email,1305.949314926267,2023-01-01 01:58:00
Project Work,7084.701031324538,2023-01-01 01:59:00
Email,6970.011257680985,2023-01-01 02:00:00
Meetings,3845.001075770812,2023-01-01 02:01:00
Email,1140.6764142787586,2023-01-01 02:02:00
Meetings,4560.824650176062,2023-01-01 02:03:00
Project Work,2867.481888569418,2023-01-01 02:04:00
Project Work,587.4979250963987,2023-01-01 02:05:00
Deep Work,6936.6994097528295,2023-01-01 02:06:00
Meetings,560.7934340369793,2023-01-01 02:07:00
Deep Work,5882.662403078395,2023-01-01 02:08:00
Meetings,4673.762820692368,2023-01-01 02:09:00
Deep Work,6106.12462231412,2023-01-01 02:10:00
Deep Work,577.6749215770099,2023-01-01 02:11:00
Meetings,4707.662187793973,2023-01-01 02:12:00
Project Work,3062.3286952951157,2023-01-01 02:13:00
Project Work,4135.928939401711,2023-01-01 02:14:00
Meetings,6690.854880027407,2023-01-01 02:15:00
Email,1300.7691955118216,2023-01-01 02:16:00
Email,5924.318279786922,2023-01-01 02:17:00
Meetings,5820.183595593137,2023-01-01 02:18:00
Meetings,3398.7165450575235,2023-01-01 02:19:00
Email,3834.5800701850926,2023-01-01 02:20:00
Deep Work,2061.733063383662,2023-01-01 02:21:00
Project Work,3733.136359928248,2023-01-01 02:22:00
Deep Work,6354.801649071275,2023-01-01 02:23:00
Deep Work,1417.5425674047497,2023-01-01 02:24:00
Project Work,4066.465173608007,2023-01-01 02:25:00
Project Work,4067.620702597543,2023-01-01 02:26:00
Email,6479.963310954405,2023-01-01 02:27:00
Deep Work,1999.718027850568,2023-01-01 02:28:00
Deep Work,5966.511969091413,2023-01-01 02:29:00
Email,5399.148610651601,2023-01-01 02:30:00
Project Work,3238.763221125384,2023-01-01 02:31:00
Email,5555.207008037219,2023-01-01 02:32:00
Deep Work,4597.887323787288,2023-01-01 02:33:00
Deep Work,1152.072216463345,2023-01-01 02:34:00
Project Work,1872.9962603071249,2023-01-01 02:35:00
Project Work,1133.47449649847,2023-01-01 02:36:00
Email,6298.434178033234,2023-01-01 02:37:00
Deep Work,3495.205418082708,2023-01-01 02:38:00
Meetings,3743.462608310244,2023-01-01 02:39:00
Meetings,5046.648380408739,2023-01-01 02:40:00
Deep Work,2608.024748435013,2023-01-01 02:41:00
Email,993.1597709653948,2023-01-01 02:42:00
Project Work,2928.907864688424,2023-01-01 02:43:00
Email,3499.926830757631,2023-01-01 02:44:00
Deep Work,5713.93350949266,2023-01-01 02:45:00
Meetings,1251.424334700923,2023-01-01 02:46:00
Deep Work,470.7358606122396,2023-01-01 02:47:00
Project Work,1749.5331206282387,2023-01-01 02:48:00
Project Work,3712.495076470232,2023-01-01 02:49:00
Email,6553.749911265745,2023-01-01 02:50:00
Email,4952.96603128375,2023-01-01 02:51:00
Deep Work,5638.410400679541,2023-01-01 02:52:00
Deep Work,6553.905304839158,2023-01-01 02:53:00
Meetings,2650.5521525809727,2023-01-01 02:54:00
Project Work,6740.201258838362,2023-01-01 02:55:00
Meetings,561.3781969672194,2023-01-01 02:56:00
Meetings,7050.091471275894,2023-01-01 02:57:00
Deep Work,6752.472679478505,2023-01-01 02:58:00
Deep Work,4001.999284178832,2023-01-01 02:59:00
Deep Work,1528.2417435278785,2023-01-01 03:00:00
Email,1553.1700460942627,2023-01-01 03:01:00
Email,7196.28441323777,2023-01-01 03:02:00
Project Work,4471.505598802173,2023-01-01 03:03:00
Project Work,2451.101828719889,2023-01-01 03:04:00
Email,3382.76319051263,2023-01-01 03:05:00
Project Work,1617.337585033317,2023-01-01 03:06:00
Project Work,3017.9985725189954,2023-01-01 03:07:00
Meetings,6339.011771921995,2023-01-01 03:08:00
Deep Work,1758.7740594946847,2023-01-01 03:09:00
Deep Work,607.2677988899727,2023-01-01 03:10:00
Meetings,6443.481288152223,2023-01-01 03:11:00
Project Work,6357.447793938664,2023-01-01 03:12:00
Email,2619.674366818684,2023-01-01 03:13:00
Deep Work,5492.959067448117,2023-01-01 03:14:00
Project Work,4939.918689327556,2023-01-01 03:15:00
Deep Work,1530.8822018417018,2023-01-01 03:16:00
Meetings,1771.623673662663,2023-01-01 03:17:00
Project Work,4042.437614795748,2023-01-01 03:18:00
Meetings,1833.5929593855324,2023-01-01 03:19:00
Email,4179.940690588572,2023-01-01 03:20:00
Meetings,3792.09688579612,2023-01-01 03:21:00
Project Work,1875.61855135758,2023-01-01 03:22:00
Project Work,3115.804940101053,2023-01-01 03:23:00
Email,1526.1723983792926,2023-01-01 03:24:00
Project Work,4753.473897532406,2023-01-01 03:25:00
Meetings,4480.706391271209,2023-01-01 03:26:00
Email,6010.35403115478,2023-01-01 03:27:00
Meetings,4267.919634225307,2023-01-01 03:28:00
Deep Work,3976.401595754616,2023-01-01 03:29:00
Project Work,1293.5942661698564,2023-01-01 03:30:00
Email,5873.812309767381,2023-01-01 03:31:00
Project Work,4768.027514548867,2023-01-01 03:32:00
Deep Work,6459.796388174006,2023-01-01 03:33:00
Deep Work,1037.4444845069456,2023-01-01 03:34:00
Project Work,5484.673786505475,2023-01-01 03:35:00
Deep Work,6472.133863270275,2023-01-01 03:36:00
Email,4133.093856352687,2023-01-01 03:37:00
Deep Work,3366.326330105765,2023-01-01 03:38:00
Project Work,5282.117846622235,2023-01-01 03:39:00
Meetings,1041.4749234874675,2023-01-01 03:40:00
Meetings,6410.25707838202,2023-01-01 03:41:00
Meetings,3702.508674821874,2023-01-01 03:42:00
Project Work,6498.602606622609,2023-01-01 03:43:00
Deep Work,4116.45954578095,2023-01-01 03:44:00
Deep Work,2033.404390034608,2023-01-01 03:45:00
Email,3987.902445364056,2023-01-01 03:46:00
Deep Work,411.5804073485108,2023-01-01 03:47:00
Deep Work,2338.721455528962,2023-01-01 03:48:00
Email,3280.093189217565,2023-01-01 03:49:00
Deep Work,4566.418427698475,2023-01-01 03:50:00
Project Work,5148.249367459454,2023-01-01 03:51:00
Deep Work,1333.4477529432954,2023-01-01 03:52:00
Email,4232.554389153093,2023-01-01 03:53:00
Meetings,1614.6053183101408,2023-01-01 03:54:00
Email,2922.172363963228,2023-01-01 03:55:00
Email,665.0866994216342,2023-01-01 03:56:00
Project Work,2216.327416079008,2023-01-01 03:57:00
Deep Work,5166.226586174434,2023-01-01 03:58:00
Email,633.0050780704836,2023-01-01 03:59:00
Email,2748.5898577158164,2023-01-01 04:00:00
Email,3302.8096564941434,2023-01-01 04:01:00
Project Work,5000.551461368573,2023-01-01 04:02:00
Project Work,3877.482405979447,2023-01-01 04:03:00
Project Work,1221.9901673249517,2023-01-01 04:04:00
Deep Work,2770.6414539128896,2023-01-01 04:05:00
Project Work,310.7168128051869,2023-01-01 04:06:00
Meetings,4832.532288527029,2023-01-01 04:07:00
Deep Work,1773.5437778712526,2023-01-01 04:08:00
Deep Work,1058.777424531843,2023-01-01 04:09:00
Meetings,3753.214468224636,2023-01-01 04:10:00
Email,4156.913946230434,2023-01-01 04:11:00
Deep Work,5742.969633073372,2023-01-01 04:12:00
Project Work,4368.721990080046,2023-01-01 04:13:00
Email,3178.5639393902675,2023-01-01 04:14:00
Meetings,6290.86647809122,2023-01-01 04:15:00
Email,2959.8051648945484,2023-01-01 04:16:00
Deep Work,6296.922681717459,2023-01-01 04:17:00
Deep Work,3662.80559782425,2023-01-01 04:18:00
Project Work,1843.399756674457,2023-01-01 04:19:00
Email,6863.713090983902,2023-01-01 04:20:00
Deep Work,5811.346403747181,2023-01-01 04:21:00
Email,3492.2083573580544,2023-01-01 04:22:00
Deep Work,5773.883200241191,2023-01-01 04:23:00
Meetings,1381.0123851834785,2023-01-01 04:24:00
Deep Work,3279.4294522182404,2023-01-01 04:25:00
Deep Work,1587.4336811502374,2023-01-01 04:26:00
Project Work,1689.1449824146646,2023-01-01 04:27:00
Deep Work,513.5722587460108,2023-01-01 04:28:00
Deep Work,7085.176670054363,2023-01-01 04:29:00
Meetings,2845.5181975734035,2023-01-01 04:30:00
Deep Work,6625.063880407619,2023-01-01 04:31:00
Project Work,6923.267018850504,2023-01-01 04:32:00
Meetings,4291.013990149259,2023-01-01 04:33:00
Deep Work,316.8645934238998,2023-01-01 04:34:00
Meetings,1538.316928686693,2023-01-01 04:35:00
Meetings,5553.294468658094,2023-01-01 04:36:00
Project Work,2044.3580262890805,2023-01-01 04:37:00
Project Work,4623.962677732453,2023-01-01 04:38:00
Deep Work,6591.113113879032,2023-01-01 04:39:00
Deep Work,1961.5041158302213,2023-01-01 04:40:00
Deep Work,4906.267394996097,2023-01-01 04:41:00
Project Work,6499.13244892588,2023-01-01 04:42:00
Project Work,3495.169181910569,2023-01-01 04:43:00
Project Work,1882.4970399278145,2023-01-01 04:44:00
Email,5796.212340293747,2023-01-01 04:45:00
Project Work,4081.319567758229,2023-01-01 04:46:00
Deep Work,2155.0399530067207,2023-01-01 04:47:00
Email,6017.515287448598,2023-01-01 04:48:00
Deep Work,4262.961580533141,2023-01-01 04:49:00
Deep Work,689.3953369462768,2023-01-01 04:50:00
Project Work,4448.327624824303,2023-01-01 04:51:00
Email,1142.4824387325098,2023-01-01 04:52:00
Deep Work,1710.4546870369618,2023-01-01 04:53:00
Deep Work,5769.143064626135,2023-01-01 04:54:00
Meetings,3411.5304326694272,2023-01-01 04:55:00
Project Work,4244.466438626752,2023-01-01 04:56:00
Deep Work,4706.171901737749,2023-01-01 04:57:00
Project Work,1209.7536586756382,2023-01-01 04:58:00
Project Work,6741.430767388454,2023-01-01 04:59:00
Email,680.7053611750882,2023-01-01 05:00:00
Meetings,2559.69043690428,2023-01-01 05:01:00
Email,1420.8111658390706,2023-01-01 05:02:00
Deep Work,2595.791084822211,2023-01-01 05:03:00
Email,3482.712665619993,2023-01-01 05:04:00
Email,2871.215374093855,2023-01-01 05:05:00
Meetings,3829.3229456412,2023-01-01 05:06:00
Project Work,4451.0546062703415,2023-01-01 05:07:00
Project Work,2927.3875647422,2023-01-01 05:08:00
Project Work,2585.077246940129,2023-01-01 05:09:00
Email,846.2124783492766,2023-01-01 05:10:00
Meetings,3319.822170627935,2023-01-01 05:11:00
Deep Work,5963.248186181442,2023-01-01 05:12:00
Email,951.2055994789034,2023-01-01 05:13:00
Project Work,7189.639401732709,2023-01-01 05:14:00
Deep Work,2131.0328592707083,2023-01-01 05:15:00
Project Work,421.5808171076832,2023-01-01 05:16:00
Email,6836.685110492522,2023-01-01 05:17:00
Meetings,6457.985937635681,2023-01-01 05:18:00
Email,2284.348050952951,2023-01-01 05:19:00
Meetings,2793.1970910815057,2023-01-01 05:20:00
Meetings,1437.1707539062231,2023-01-01 05:21:00
Project Work,1843.1475335852087,2023-01-01 05:22:00
Deep Work,4959.415992948497,2023-01-01 05:23:00
Meetings,4454.117301441979,2023-01-01 05:24:00
Deep Work,2523.0657621976598,2023-01-01 05:25:00
Project Work,5821.283789617516,2023-01-01 05:26:00
Meetings,3243.7704310508448,2023-01-01 05:27:00
Email,7057.847252960946,2023-01-01 05:28:00
Meetings,6049.279064560855,2023-01-01 05:29:00
Deep Work,7129.146494137235,2023-01-01 05:30:00
Deep Work,822.3567313195598,2023-01-01 05:31:00
Meetings,1652.62896694513,2023-01-01 05:32:00
Email,1762.804413459968,2023-01-01 05:33:00
Project Work,2052.294604227047,2023-01-01 05:34:00
Deep Work,4111.474815298193,2023-01-01 05:35:00
Project Work,4701.732591138744,2023-01-01 05:36:00
Project Work,1509.8318543972591,2023-01-01 05:37:00
Deep Work,6736.9200457685465,2023-01-01 05:38:00
Deep Work,6109.525183749991,2023-01-01 05:39:00
Email,4070.54709707818,2023-01-01 05:40:00
Deep Work,6618.03141181147,2023-01-01 05:41:00
Meetings,4684.464619500265,2023-01-01 05:42:00
Deep Work,4565.532151699958,2023-01-01 05:43:00
Email,4808.651181322063,2023-01-01 05:44:00
Project Work,2488.923465215496,2023-01-01 05:45:00
Project Work,1535.400554991918,2023-01-01 05:46:00
Email,2002.5955202205992,2023-01-01 05:47:00
Email,431.5972384021421,2023-01-01 05:48:00
Project Work,1053.8917269740657,2023-01-01 05:49:00
Project Work,4831.382298158726,2023-01-01 05:50:00
Deep Work,5303.361234377967,2023-01-01 05:51:00
Project Work,7014.993495352606,2023-01-01 05:52:00
Email,3293.5162939803413,2023-01-01 05:53:00
Deep Work,2668.0467003411272,2023-01-01 05:54:00
Meetings,5465.263638101764,2023-01-01 05:55:00
Email,2670.6128381334183,2023-01-01 05:56:00
Meetings,1243.7189418700605,2023-01-01 05:57:00
Email,1264.716460656442,2023-01-01 05:58:00
Project Work,1916.2066644444965,2023-01-01 05:59:00
Deep Work,939.768771328601,2023-01-01 06:00:00
Meetings,717.3175502548654,2023-01-01 06:01:00
Email,7174.162095547369,2023-01-01 06:02:00
Email,6930.839351725377,2023-01-01 06:03:00
Deep Work,2241.473803420816,2023-01-01 06:04:00
Project Work,548.1497483085378,2023-01-01 06:05:00
Email,6000.768584172987,2023-01-01 06:06:00
Email,1304.1610472957427,2023-01-01 06:07:00
Deep Work,5267.976870174465,2023-01-01 06:08:00
Deep Work,4699.732479991727,2023-01-01 06:09:00
Project Work,1455.3244142311023,2023-01-01 06:10:00
Meetings,1826.4836440600636,2023-01-01 06:11:00
Project Work,3736.490007178797,2023-01-01 06:12:00
Project Work,1821.3166568231968,2023-01-01 06:13:00
Meetings,3283.8040042198463,2023-01-01 06:14:00
Meetings,1654.4916014442492,2023-01-01 06:15:00
Project Work,340.88621267694714,2023-01-01 06:16:00
Deep Work,4666.125648649212,2023-01-01 06:17:00
Email,3240.015618215004,2023-01-01 06:18:00
Project Work,3024.251369655549,2023-01-01 06:19:00
Project Work,1612.8132996003278,2023-01-01 06:20:00
Meetings,4469.080038683019,2023-01-01 06:21:00
Project Work,5864.142576911388,2023-01-01 06:22:00
Project Work,7009.498969723309,2023-01-01 06:23:00
Project Work,5706.55241599942,2023-01-01 06:24:00
Deep Work,3358.403447926326,2023-01-01 06:25:00
Deep Work,6154.938436058216,2023-01-01 06:26:00
Email,3174.548380224124,2023-01-01 06:27:00
Meetings,6112.39401066869,2023-01-01 06:28:00
Email,3549.381844392958,2023-01-01 06:29:00
Deep Work,4023.1468777708415,2023-01-01 06:30:00
Email,6630.111590625969,2023-01-01 06:31:00
Deep Work,5046.068899555012,2023-01-01 06:32:00
Deep Work,5465.026239366844,2023-01-01 06:33:00
Deep Work,675.3507139736626,2023-01-01 06:34:00
Project Work,2673.924869151043,2023-01-01 06:35:00
Email,4234.322031557676,2023-01-01 06:36:00
Deep Work,2856.333597231047,2023-01-01 06:37:00
Meetings,5963.844664073773,2023-01-01 06:38:00
Project Work,5594.512235813595,2023-01-01 06:39:00
Project Work,3662.430731435885,2023-01-01 06:40:00
Meetings,840.5586090171918,2023-01-01 06:41:00
Email,2642.7198364589963,2023-01-01 06:42:00
Deep Work,3443.42720369902,2023-01-01 06:43:00
Meetings,1793.3846031074322,2023-01-01 06:44:00
Meetings,2408.627719681791,2023-01-01 06:45:00
Deep Work,2464.051525893189,2023-01-01 06:46:00
Project Work,1519.94169523078,2023-01-01 06:47:00
Deep Work,4564.564953559424,2023-01-01 06:48:00
Project Work,1741.7498669941424,2023-01-01 06:49:00
Meetings,1172.6583786534366,2023-01-01 06:50:00
Email,2160.87452816099,2023-01-01 06:51:00
Project Work,5940.364610286764,2023-01-01 06:52:00
Email,4294.023060067055,2023-01-01 06:53:00
Meetings,6538.531260431577,2023-01-01 06:54:00
Email,1295.915596602738,2023-01-01 06:55:00
Deep Work,771.1525122091294,2023-01-01 06:56:00
Meetings,2422.0482810876883,2023-01-01 06:57:00
Deep Work,6999.771009029741,2023-01-01 06:58:00
Project Work,1077.2664833832337,2023-01-01 06:59:00
Email,6245.61455220388,2023-01-01 07:00:00
Deep Work,5198.422743072325,2023-01-01 07:01:00
Email,6052.014293765677,2023-01-01 07:02:00
Email,6802.251058738534,2023-01-01 07:03:00
Project Work,1317.5301770688757,2023-01-01 07:04:00
Meetings,6904.949651965979,2023-01-01 07:05:00
Meetings,2888.070271809732,2023-01-01 07:06:00
Meetings,3293.886031894288,2023-01-01 07:07:00
Deep Work,5622.000349392459,2023-01-01 07:08:00
Deep Work,4552.219562273644,2023-01-01 07:09:00
Meetings,6097.979790418236,2023-01-01 07:10:00
Meetings,6688.843278193369,2023-01-01 07:11:00
Meetings,2961.431438176077,2023-01-01 07:12:00
Meetings,4310.037653884217,2023-01-01 07:13:00
Deep Work,3663.6449071820352,2023-01-01 07:14:00
Email,2740.754142909359,2023-01-01 07:15:00
Deep Work,2212.6777536288746,2023-01-01 07:16:00
Deep Work,1802.7080564790908,2023-01-01 07:17:00
Meetings,5656.100259917173,2023-01-01 07:18:00
Deep Work,6739.470237535419,2023-01-01 07:19:00
Meetings,5291.138210327815,2023-01-01 07:20:00
Meetings,4289.8183671518655,2023-01-01 07:21:00
Meetings,1978.7340337571904,2023-01-01 07:22:00
Deep Work,1604.789418766675,2023-01-01 07:23:00
Meetings,2591.216161941077,2023-01-01 07:24:00
Project Work,5093.399291177264,2023-01-01 07:25:00
Project Work,2764.0124760770896,2023-01-01 07:26:00
Deep Work,592.881655742829,2023-01-01 07:27:00
Project Work,3649.449074204475,2023-01-01 07:28:00
Deep Work,6995.301425132844,2023-01-01 07:29:00
Meetings,1667.4748823451816,2023-01-01 07:30:00
Project Work,2717.473615772464,2023-01-01 07:31:00
Project Work,2036.9106583073149,2023-01-01 07:32:00
Deep Work,3441.498936317729,2023-01-01 07:33:00
Project Work,5544.819359085171,2023-01-01 07:34:00
Deep Work,6470.286516025338,2023-01-01 07:35:00
Meetings,6393.620269955632,2023-01-01 07:36:00
Email,5795.504993947253,2023-01-01 07:37:00
Meetings,3867.089964173031,2023-01-01 07:38:00
Email,6551.977617912381,2023-01-01 07:39:00
Project Work,2146.213277992186,2023-01-01 07:40:00
Project Work,1183.092617739129,2023-01-01 07:41:00
Project Work,7161.749906115107,2023-01-01 07:42:00
Project Work,1557.7592705983784,2023-01-01 07:43:00
Email,6056.414259291283,2023-01-01 07:44:00
Deep Work,2728.7983190991217,2023-01-01 07:45:00
Project Work,4499.279046468457,2023-01-01 07:46:00
Email,1567.3151440021811,2023-01-01 07:47:00
Meetings,1598.8275409151763,2023-01-01 07:48:00
Email,889.8240595573558,2023-01-01 07:49:00
Email,3234.826399006396,2023-01-01 07:50:00
Meetings,3527.367124898149,2023-01-01 07:51:00
Email,2300.33804230075,2023-01-01 07:52:00
Project Work,3352.158090256928,2023-01-01 07:53:00
Project Work,2526.1102728839755,2023-01-01 07:54:00
Project Work,2834.4677877834733,2023-01-01 07:55:00
Project Work,4048.56522268426,2023-01-01 07:56:00
Project Work,6220.562089312284,2023-01-01 07:57:00
Meetings,424.5883893208848,2023-01-01 07:58:00
Meetings,849.1998174164349,2023-01-01 07:59:00
Email,4705.036650788888,2023-01-01 08:00:00
Deep Work,5893.580890524957,2023-01-01 08:01:00
Project Work,4645.616821723541,2023-01-01 08:02:00
Project Work,6125.329111272428,2023-01-01 08:03:00
Deep Work,2719.953266303195,2023-01-01 08:04:00
Deep Work,5840.270565939116,2023-01-01 08:05:00
Meetings,5796.523772841331,2023-01-01 08:06:00
Deep Work,5392.149212415004,2023-01-01 08:07:00
Email,1154.3011246758283,2023-01-01 08:08:00
Meetings,4075.3560567049535,2023-01-01 08:09:00
Email,5529.113966583488,2023-01-01 08:10:00
Deep Work,4634.632388092134,2023-01-01 08:11:00
Meetings,3679.025251897075,2023-01-01 08:12:00
Meetings,3625.527990704172,2023-01-01 08:13:00
Meetings,3907.5541659386095,2023-01-01 08:14:00
Deep Work,2862.305180983401,2023-01-01 08:15:00
Project Work,3886.42945321052,2023-01-01 08:16:00
Meetings,1138.7411418831798,2023-01-01 08:17:00
Project Work,2724.697482831754,2023-01-01 08:18:00
Meetings,1397.008681496392,2023-01-01 08:19:00
Meetings,889.6071157705859,2023-01-01 08:20:00
Meetings,663.867994682041,2023-01-01 08:21:00
Meetings,2513.76679971995,2023-01-01 08:22:00
Email,3102.321902074142,2023-01-01 08:23:00
Deep Work,318.0714797862654,2023-01-01 08:24:00
Project Work,426.4498470299097,2023-01-01 08:25:00
Deep Work,4093.2677495795374,2023-01-01 08:26:00
Deep Work,5035.89271996428,2023-01-01 08:27:00
Project Work,4144.408604594594,2023-01-01 08:28:00
Meetings,837.4146404440145,2023-01-01 08:29:00
Meetings,5047.758603629989,2023-01-01 08:30:00
Email,2405.5167380180774,2023-01-01 08:31:00
Email,5660.020220990711,2023-01-01 08:32:00
Meetings,5981.805118080193,2023-01-01 08:33:00
Deep Work,591.37816551928,2023-01-01 08:34:00
Project Work,2964.813014692444,2023-01-01 08:35:00
Meetings,7184.083974899108,2023-01-01 08:36:00
Meetings,7053.267112012251,2023-01-01 08:37:00
Meetings,5401.766601669477,2023-01-01 08:38:00
Meetings,5793.026210711248,2023-01-01 08:39:00
Meetings,6843.936120760824,2023-01-01 08:40:00
Deep Work,382.8135818492294,2023-01-01 08:41:00
Project Work,5860.606818662054,2023-01-01 08:42:00
Meetings,3734.957529071929,2023-01-01 08:43:00
Email,3100.1338287209906,2023-01-01 08:44:00
Email,3639.515677437405,2023-01-01 08:45:00
Project Work,3776.0134594411456,2023-01-01 08:46:00
Email,791.9751572135694,2023-01-01 08:47:00
Meetings,5507.772909649321,2023-01-01 08:48:00
Email,3140.2513402669038,2023-01-01 08:49:00
Deep Work,6410.238466149083,2023-01-01 08:50:00
Project Work,7122.616506983968,2023-01-01 08:51:00
Meetings,5544.454100962279,2023-01-01 08:52:00
Meetings,2703.980166851104,2023-01-01 08:53:00
Email,2124.005352145024,2023-01-01 08:54:00
Email,2502.965872994081,2023-01-01 08:55:00
Email,3984.0581506218127,2023-01-01 08:56:00
Project Work,3784.905872601792,2023-01-01 08:57:00
Email,1989.670178104975,2023-01-01 08:58:00
Project Work,4942.65372165991,2023-01-01 08:59:00
Deep Work,6981.4807279692095,2023-01-01 09:00:00
Meetings,806.48777564697,2023-01-01 09:01:00
Meetings,7017.428149314368,2023-01-01 09:02:00
Meetings,4793.111439643683,2023-01-01 09:03:00
Deep Work,5913.912533400057,2023-01-01 09:04:00
Deep Work,1432.3246928724448,2023-01-01 09:05:00
Project Work,4037.437060136074,2023-01-01 09:06:00
Project Work,1627.774448731218,2023-01-01 09:07:00
Project Work,1302.4602059703773,2023-01-01 09:08:00
Email,3976.0469779195714,2023-01-01 09:09:00
Email,2716.806033840822,2023-01-01 09:10:00
Meetings,7081.796392870401,2023-01-01 09:11:00
Email,3003.2225911073338,2023-01-01 09:12:00
Project Work,5426.573101249314,2023-01-01 09:13:00
Project Work,4705.2726772858205,2023-01-01 09:14:00
Email,2792.68689133277,2023-01-01 09:15:00
Email,1482.7435914380808,2023-01-01 09:16:00
Project Work,3080.2951422000274,2023-01-01 09:17:00
Meetings,1431.2286785932638,2023-01-01 09:18:00
Email,2166.8201539221373,2023-01-01 09:19:00
Meetings,7104.748743773465,2023-01-01 09:20:00
Deep Work,5383.902858359689,2023-01-01 09:21:00
Meetings,6955.057204589692,2023-01-01 09:22:00
Project Work,805.0282309549343,2023-01-01 09:23:00
Meetings,2225.4417448261274,2023-01-01 09:24:00
Email,7113.891727090712,2023-01-01 09:25:00
Meetings,1637.5530614604556,2023-01-01 09:26:00
Email,4508.535394501937,2023-01-01 09:27:00
Project Work,5539.706767464472,2023-01-01 09:28:00
Email,6253.733621348178,2023-01-01 09:29:00
Project Work,3353.37848097334,2023-01-01 09:30:00
Email,3392.907551967364,2023-01-01 09:31:00
Project Work,1252.378285576525,2023-01-01 09:32:00
Deep Work,2798.7521728454303,2023-01-01 09:33:00
Email,3251.088276253144,2023-01-01 09:34:00
Deep Work,5186.925336221097,2023-01-01 09:35:00
Meetings,487.4714727601961,2023-01-01 09:36:00
Project Work,1336.9800429213149,2023-01-01 09:37:00
Email,4466.09126349434,2023-01-01 09:38:00
Deep Work,6175.773431419043,2023-01-01 09:39:00
Deep Work,5617.76432844789,2023-01-01 09:40:00
Meetings,6358.827060407032,2023-01-01 09:41:00
Deep Work,3641.096789249064,2023-01-01 09:42:00
Email,716.8209096665345,2023-01-01 09:43:00
Email,1500.3016109375458,2023-01-01 09:44:00
Deep Work,2649.9635548944902,2023-01-01 09:45:00
Meetings,5948.381379250432,2023-01-01 09:46:00
Deep Work,5591.631247040823,2023-01-01 09:47:00
Meetings,3445.376022775571,2023-01-01 09:48:00
Email,6791.492959246329,2023-01-01 09:49:00
Deep Work,4858.853485677459,2023-01-01 09:50:00
Meetings,3918.734740107189,2023-01-01 09:51:00
Email,2608.589307984673,2023-01-01 09:52:00
Meetings,2015.414554849951,2023-01-01 09:53:00
Project Work,1877.0314375222845,2023-01-01 09:54:00
Email,540.6820296865001,2023-01-01 09:55:00
Meetings,3505.916344364358,2023-01-01 09:56:00
Deep Work,1426.4458507767122,2023-01-01 09:57:00
Meetings,1931.0444074694292,2023-01-01 09:58:00
Email,1754.0271415319098,2023-01-01 09:59:00
Email,3874.8032728873454,2023-01-01 10:00:00
Email,7149.386316994387,2023-01-01 10:01:00
Project Work,5879.090691470301,2023-01-01 10:02:00
Deep Work,2263.7147524223783,2023-01-01 10:03:00
Project Work,802.2909596263951,2023-01-01 10:04:00
Email,4419.789273862692,2023-01-01 10:05:00
Deep Work,2939.609775544307,2023-01-01 10:06:00
Deep Work,4423.522605729704,2023-01-01 10:07:00
Deep Work,4336.369662525622,2023-01-01 10:08:00
Project Work,907.6523657081544,2023-01-01 10:09:00
Deep Work,1726.7016578764233,2023-01-01 10:10:00
Deep Work,4429.912932239711,2023-01-01 10:11:00
Meetings,7097.196573588513,2023-01-01 10:12:00
Meetings,3355.046761981841,2023-01-01 10:13:00
Deep Work,5861.896007796621,2023-01-01 10:14:00
Email,1107.7852129582704,2023-01-01 10:15:00
Meetings,4394.099919283195,2023-01-01 10:16:00
Project Work,2372.5606527694595,2023-01-01 10:17:00
Email,1491.1160332715872,2023-01-01 10:18:00
Meetings,6553.393776327579,2023-01-01 10:19:00
Project Work,5633.83434822528,2023-01-01 10:20:00
Project Work,5745.201633680031,2023-01-01 10:21:00
Email,747.8876890523362,2023-01-01 10:22:00
Meetings,6425.107355962717,2023-01-01 10:23:00
Email,1264.5564799711142,2023-01-01 10:24:00
Meetings,2166.622957678652,2023-01-01 10:25:00
Meetings,4234.135323815639,2023-01-01 10:26:00
Email,813.3859722633578,2023-01-01 10:27:00
Email,4400.657626845981,2023-01-01 10:28:00
Meetings,1632.1257692064296,2023-01-01 10:29:00
Deep Work,446.9968445334703,2023-01-01 10:30:00
Email,1281.31266855716,2023-01-01 10:31:00
Deep Work,2009.465661744199,2023-01-01 10:32:00
Meetings,976.4946562993824,2023-01-01 10:33:00
Email,6997.544825509047,2023-01-01 10:34:00
Project Work,4529.170069364166,2023-01-01 10:35:00
Deep Work,7125.366899861576,2023-01-01 10:36:00
Project Work,552.2351235988825,2023-01-01 10:37:00
Deep Work,2520.684486002103,2023-01-01 10:38:00
Deep Work,5089.24227806374,2023-01-01 10:39:00
Meetings,3989.180575823994,2023-01-01 10:40:00
Deep Work,1826.961914162724,2023-01-01 10:41:00
Email,1319.1888545763609,2023-01-01 10:42:00
Deep Work,306.7878011831467,2023-01-01 10:43:00
Deep Work,2014.5160636783824,2023-01-01 10:44:00
Project Work,1798.8605822149457,2023-01-01 10:45:00
Deep Work,4416.905034635834,2023-01-01 10:46:00
Email,4816.703332347072,2023-01-01 10:47:00
Deep Work,6402.090043157571,2023-01-01 10:48:00
Meetings,6352.444514963064,2023-01-01 10:49:00
Meetings,4771.95553831451,2023-01-01 10:50:00
Email,6264.180669769541,2023-01-01 10:51:00
Email,1165.8285974538967,2023-01-01 10:52:00
Email,3950.322642636459,2023-01-01 10:53:00
Deep Work,5360.567445157622,2023-01-01 10:54:00
Deep Work,6048.458006314686,2023-01-01 10:55:00
Email,5158.813485599738,2023-01-01 10:56:00
Deep Work,2276.9976635497,2023-01-01 10:57:00
Deep Work,1546.8327920878876,2023-01-01 10:58:00
Meetings,3250.927106807884,2023-01-01 10:59:00
Meetings,1316.3178135286555,2023-01-01 11:00:00
Project Work,6335.414908368005,2023-01-01 11:01:00
Email,334.4977667442364,2023-01-01 11:02:00
Project Work,5465.826514116367,2023-01-01 11:03:00
Project Work,362.4676254624023,2023-01-01 11:04:00
Project Work,744.8998316549018,2023-01-01 11:05:00
Email,4184.767948702691,2023-01-01 11:06:00
Meetings,6627.50707020842,2023-01-01 11:07:00
Project Work,6114.284229166422,2023-01-01 11:08:00
Deep Work,5007.336257701733,2023-01-01 11:09:00
Meetings,1805.6073696462156,2023-01-01 11:10:00
Meetings,4643.906342122745,2023-01-01 11:11:00
Email,1558.222786549264,2023-01-01 11:12:00
Deep Work,3388.879493281417,2023-01-01 11:13:00
Email,1073.8002836268336,2023-01-01 11:14:00
Deep Work,4870.940596563105,2023-01-01 11:15:00
Email,4124.4172877091405,2023-01-01 11:16:00
Email,6910.025459527034,2023-01-01 11:17:00
Meetings,3722.861060187845,2023-01-01 11:18:00
Project Work,3984.93414219706,2023-01-01 11:19:00
Deep Work,3321.6393858441525,2023-01-01 11:20:00
Project Work,4775.712863616903,2023-01-01 11:21:00
Deep Work,6098.835260208297,2023-01-01 11:22:00
Project Work,393.7722238997661,2023-01-01 11:23:00
Email,5052.847472188722,2023-01-01 11:24:00
Meetings,2589.103431169733,2023-01-01 11:25:00
Meetings,5380.648902839702,2023-01-01 11:26:00
Meetings,1805.172722147108,2023-01-01 11:27:00
Deep Work,1949.8442268591891,2023-01-01 11:28:00
Email,574.3261957846896,2023-01-01 11:29:00
Deep Work,1471.1071919769097,2023-01-01 11:30:00
Meetings,1691.9524865291212,2023-01-01 11:31:00
Project Work,5210.20719453547,2023-01-01 11:32:00
Deep Work,1050.5637851382553,2023-01-01 11:33:00
Email,5638.1429726704,2023-01-01 11:34:00
Project Work,938.1657039680624,2023-01-01 11:35:00
Meetings,4051.5915108406825,2023-01-01 11:36:00
Project Work,3855.8314992946607,2023-01-01 11:37:00
Email,3211.7405217663168,2023-01-01 11:38:00
Email,1413.2148567454983,2023-01-01 11:39:00
Project Work,4487.935882900679,2023-01-01 11:40:00
Deep Work,1681.5182525844532,2023-01-01 11:41:00
Meetings,3958.006446675469,2023-01-01 11:42:00
Meetings,3704.784894215519,2023-01-01 11:43:00
Deep Work,520.6872761814548,2023-01-01 11:44:00
Project Work,437.685506820327,2023-01-01 11:45:00
Project Work,1316.0374724474607,2023-01-01 11:46:00
Meetings,4943.838983422134,2023-01-01 11:47:00
Email,4547.5816861787525,2023-01-01 11:48:00
Deep Work,1756.947515568374,2023-01-01 11:49:00
Deep Work,4374.049465517537,2023-01-01 11:50:00
Email,3516.5174775145124,2023-01-01 11:51:00
Project Work,5890.853700821122,2023-01-01 11:52:00
Deep Work,4931.752861024359,2023-01-01 11:53:00
Email,6705.749359161673,2023-01-01 11:54:00
Project Work,363.7664182243571,2023-01-01 11:55:00
Deep Work,2150.782220944608,2023-01-01 11:56:00
Email,5971.619801606176,2023-01-01 11:57:00
Meetings,3168.2540302748566,2023-01-01 11:58:00
Meetings,6347.489386922396,2023-01-01 11:59:00
Email,1296.367928978542,2023-01-01 12:00:00
Deep Work,987.669881981452,2023-01-01 12:01:00
Meetings,4406.464485268947,2023-01-01 12:02:00
Project Work,3719.5133757799294,2023-01-01 12:03:00
Project Work,5691.557004934618,2023-01-01 12:04:00
Project Work,3197.394220258918,2023-01-01 12:05:00
Meetings,3561.8962947189248,2023-01-01 12:06:00
Email,4655.591182677372,2023-01-01 12:07:00
Project Work,1187.859478795896,2023-01-01 12:08:00
Email,5329.44623585759,2023-01-01 12:09:00
Project Work,5718.799134683382,2023-01-01 12:10:00
Deep Work,4582.172167519922,2023-01-01 12:11:00
Email,5503.019724553744,2023-01-01 12:12:00
Project Work,6736.4984756365975,2023-01-01 12:13:00
Project Work,1215.0364254104245,2023-01-01 12:14:00
Email,647.644780331769,2023-01-01 12:15:00
Project Work,1755.4975824703615,2023-01-01 12:16:00
Deep Work,6037.846483221807,2023-01-01 12:17:00
Project Work,7072.202317730227,2023-01-01 12:18:00
Project Work,5928.197186098002,2023-01-01 12:19:00
Meetings,5466.119420554743,2023-01-01 12:20:00
Project Work,3952.27447563629,2023-01-01 12:21:00
Deep Work,317.1527138725214,2023-01-01 12:22:00
Email,2645.8806165158403,2023-01-01 12:23:00
Email,3221.2167072564343,2023-01-01 12:24:00
Project Work,5912.578579972696,2023-01-01 12:25:00
Email,3534.2609033757813,2023-01-01 12:26:00
Project Work,2762.1384881623017,2023-01-01 12:27:00
Meetings,2499.069548784977,2023-01-01 12:28:00
Email,762.1553398255412,2023-01-01 12:29:00
Project Work,3484.543860960837,2023-01-01 12:30:00
Email,2595.452918950179,2023-01-01 12:31:00
Deep Work,527.5654020576885,2023-01-01 12:32:00
Email,2299.152054628714,2023-01-01 12:33:00
Deep Work,4751.624201929652,2023-01-01 12:34:00
Project Work,2584.315821739199,2023-01-01 12:35:00
Email,5584.026015371613,2023-01-01 12:36:00
Email,2481.9987879559585,2023-01-01 12:37:00
Project Work,5837.5028512962745,2023-01-01 12:38:00
Email,2659.067538959118,2023-01-01 12:39:00
Email,3745.84124386716,2023-01-01 12:40:00
Meetings,6426.47002262854,2023-01-01 12:41:00
Email,4481.064161178587,2023-01-01 12:42:00
Email,3980.423920954031,2023-01-01 12:43:00
Email,6079.143763401275,2023-01-01 12:44:00
Deep Work,1251.8202113387256,2023-01-01 12:45:00
Project Work,6097.143552650309,2023-01-01 12:46:00
Email,5561.918683591771,2023-01-01 12:47:00
Deep Work,2242.6389065336016,2023-01-01 12:48:00
Meetings,528.7044561935505,2023-01-01 12:49:00
Email,4205.875125957358,2023-01-01 12:50:00
Meetings,2720.476129959299,2023-01-01 12:51:00
Deep Work,6933.775555968864,2023-01-01 12:52:00
Email,3404.382386946161,2023-01-01 12:53:00
Meetings,3672.707938119466,2023-01-01 12:54:00
Deep Work,5866.248526792055,2023-01-01 12:55:00
Meetings,6458.207392444068,2023-01-01 12:56:00
Project Work,4050.0407516758064,2023-01-01 12:57:00
Meetings,751.3535883057821,2023-01-01 12:58:00
Deep Work,4367.636089028863,2023-01-01 12:59:00
Meetings,2318.0134626198987,2023-01-01 13:00:00
Deep Work,1902.1815397387468,2023-01-01 13:01:00
Meetings,5825.678168037406,2023-01-01 13:02:00
Email,1271.2970297436525,2023-01-01 13:03:00
Deep Work,5129.317869174793,2023-01-01 13:04:00
Project Work,6333.968887227687,2023-01-01 13:05:00
Deep Work,4842.461961694479,2023-01-01 13:06:00
Meetings,2232.997455357517,2023-01-01 13:07:00
Email,751.8317980903489,2023-01-01 13:08:00
Project Work,516.7065557207336,2023-01-01 13:09:00
Deep Work,2804.116920190099,2023-01-01 13:10:00
Meetings,3202.056770312008,2023-01-01 13:11:00
Deep Work,5510.071736635511,2023-01-01 13:12:00
Meetings,1599.715192473264,2023-01-01 13:13:00
Deep Work,707.3029137289323,2023-01-01 13:14:00
Email,2198.239072089337,2023-01-01 13:15:00
Email,3108.184884967534,2023-01-01 13:16:00
Deep Work,4818.916997717981,2023-01-01 13:17:00
Project Work,1272.2223344835193,2023-01-01 13:18:00
Email,974.150051640579,2023-01-01 13:19:00
Project Work,5425.487435655017,2023-01-01 13:20:00
Project Work,1837.0211573533404,2023-01-01 13:21:00
Project Work,3264.327461206328,2023-01-01 13:22:00
Deep Work,4814.73773557149,2023-01-01 13:23:00
Email,2190.1735388664,2023-01-01 13:24:00
Meetings,5164.8109677026605,2023-01-01 13:25:00
Meetings,5984.744089317082,2023-01-01 13:26:00
Meetings,5141.654685592143,2023-01-01 13:27:00
Meetings,4400.653173167716,2023-01-01 13:28:00
Deep Work,3089.120874989581,2023-01-01 13:29:00
Project Work,1704.8416782107563,2023-01-01 13:30:00
Deep Work,1804.2421368514297,2023-01-01 13:31:00
Project Work,4960.892743330109,2023-01-01 13:32:00
Deep Work,3174.4684354252845,2023-01-01 13:33:00
Project Work,628.649425533773,2023-01-01 13:34:00
Meetings,3995.6392219664986,2023-01-01 13:35:00
Deep Work,862.187861123803,2023-01-01 13:36:00
Deep Work,4074.872796727428,2023-01-01 13:37:00
Deep Work,540.6717457517794,2023-01-01 13:38:00
Email,5164.880016168213,2023-01-01 13:39:00
Email,3070.9772349697914,2023-01-01 13:40:00
Meetings,4599.194380623611,2023-01-01 13:41:00
Deep Work,4066.1850231400417,2023-01-01 13:42:00
Deep Work,1055.8535626251885,2023-01-01 13:43:00
Deep Work,4216.675563026616,2023-01-01 13:44:00
Project Work,3224.003523348739,2023-01-01 13:45:00
Meetings,4890.837029634625,2023-01-01 13:46:00
Project Work,593.4869823425555,2023-01-01 13:47:00
Meetings,3031.3550358156986,2023-01-01 13:48:00
Email,6509.40828355686,2023-01-01 13:49:00
Email,833.3503376247835,2023-01-01 13:50:00
Meetings,6450.156457494365,2023-01-01 13:51:00
Email,7135.530267865939,2023-01-01 13:52:00
Email,3245.1719218922,2023-01-01 13:53:00
Project Work,3770.819692592318,2023-01-01 13:54:00
Email,5744.616712132959,2023-01-01 13:55:00
Email,3292.1142480202034,2023-01-01 13:56:00
Email,527.4287036831182,2023-01-01 13:57:00
Meetings,616.368065897284,2023-01-01 13:58:00
Deep Work,962.3901165284036,2023-01-01 13:59:00
Meetings,654.2946868681332,2023-01-01 14:00:00
Project Work,4872.773638825428,2023-01-01 14:01:00
Meetings,4478.83242878659,2023-01-01 14:02:00
Meetings,1321.7347282430376,2023-01-01 14:03:00
Meetings,2879.5822545066976,2023-01-01 14:04:00
Deep Work,1914.898647463447,2023-01-01 14:05:00
Meetings,1231.3975237063587,2023-01-01 14:06:00
Project Work,2872.64060291693,2023-01-01 14:07:00
Project Work,939.5327016433296,2023-01-01 14:08:00
Deep Work,1517.4340245317612,2023-01-01 14:09:00
Project Work,4742.077336337605,2023-01-01 14:10:00
Email,4637.623322602703,2023-01-01 14:11:00
Meetings,6094.788390551798,2023-01-01 14:12:00
Meetings,339.8647875830349,2023-01-01 14:13:00
Meetings,1047.9832552174296,2023-01-01 14:14:00
Project Work,5811.2590317147815,2023-01-01 14:15:00
Meetings,1479.1912099775031,2023-01-01 14:16:00
Meetings,324.3669442856852,2023-01-01 14:17:00
Deep Work,2146.072277226418,2023-01-01 14:18:00
Deep Work,967.247850943156,2023-01-01 14:19:00
Email,4657.611723219092,2023-01-01 14:20:00
Deep Work,4451.424274317019,2023-01-01 14:21:00
Deep Work,1167.5618629470944,2023-01-01 14:22:00
Email,1007.3852447571444,2023-01-01 14:23:00
Deep Work,5400.9719221507685,2023-01-01 14:24:00
Deep Work,6223.731918511843,2023-01-01 14:25:00
Project Work,3201.0528872061686,2023-01-01 14:26:00
Deep Work,2071.907400296084,2023-01-01 14:27:00
Project Work,5484.673432531119,2023-01-01 14:28:00
Email,2074.097129664616,2023-01-01 14:29:00
Project Work,6474.181839552692,2023-01-01 14:30:00
Email,3602.740259945304,2023-01-01 14:31:00
Email,5579.275158277008,2023-01-01 14:32:00
Deep Work,1770.5496534262895,2023-01-01 14:33:00
Email,4603.780466721514,2023-01-01 14:34:00
Project Work,3852.521010807353,2023-01-01 14:35:00
Email,1022.9319593466744,2023-01-01 14:36:00
Meetings,1296.1372206550636,2023-01-01 14:37:00
Project Work,5056.289813333643,2023-01-01 14:38:00
Deep Work,6403.072618906855,2023-01-01 14:39:00
Email,6993.120442309146,2023-01-01 14:40:00
Email,736.2536503676538,2023-01-01 14:41:00
Email,1132.3129882798055,2023-01-01 14:42:00
Deep Work,1392.080163150762,2023-01-01 14:43:00
Email,5236.678322837943,2023-01-01 14:44:00
Meetings,2168.1397064448997,2023-01-01 14:45:00
Deep Work,6001.144215096988,2023-01-01 14:46:00
Meetings,4494.194856652962,2023-01-01 14:47:00
Deep Work,3451.3297994027143,2023-01-01 14:48:00
Meetings,3395.338349529274,2023-01-01 14:49:00
Meetings,5423.438704946275,2023-01-01 14:50:00
Meetings,2909.872494697905,2023-01-01 14:51:00
Email,1864.6465286909072,2023-01-01 14:52:00
Project Work,4046.397290766431,2023-01-01 14:53:00
Email,4992.104823443074,2023-01-01 14:54:00
Meetings,6981.539066925951,2023-01-01 14:55:00
Project Work,5676.332769189461,2023-01-01 14:56:00
Deep Work,1883.837123195512,2023-01-01 14:57:00
Project Work,2189.70725939474,2023-01-01 14:58:00
Project Work,4308.681285996163,2023-01-01 14:59:00
Email,922.4403365640312,2023-01-01 15:00:00
Meetings,4800.602153221376,2023-01-01 15:01:00
Meetings,2162.0702162367397,2023-01-01 15:02:00
Email,411.9162745371072,2023-01-01 15:03:00
Project Work,1648.995876815733,2023-01-01 15:04:00
Project Work,1690.375417568542,2023-01-01 15:05:00
Deep Work,1439.125870491598,2023-01-01 15:06:00
Deep Work,1080.144188739244,2023-01-01 15:07:00
Email,554.8415226107912,2023-01-01 15:08:00
Meetings,2511.284791037719,2023-01-01 15:09:00
Deep Work,4638.669924042823,2023-01-01 15:10:00
Project Work,580.4509200557479,2023-01-01 15:11:00
Meetings,1838.707374776996,2023-01-01 15:12:00
Email,3942.105822973207,2023-01-01 15:13:00
Deep Work,950.374067648243,2023-01-01 15:14:00
Deep Work,983.3583097526408,2023-01-01 15:15:00
Meetings,3485.245093936458,2023-01-01 15:16:00
Meetings,2558.753168334996,2023-01-01 15:17:00
Meetings,2437.5497676939744,2023-01-01 15:18:00
Meetings,4238.692665244269,2023-01-01 15:19:00
Project Work,5856.032823577686,2023-01-01 15:20:00
Meetings,5531.028493828997,2023-01-01 15:21:00
Meetings,2693.3724418810166,2023-01-01 15:22:00
Deep Work,1200.152073558072,2023-01-01 15:23:00
Deep Work,3196.1292499969213,2023-01-01 15:24:00
Meetings,6443.347022802181,2023-01-01 15:25:00
Deep Work,3852.785056569405,2023-01-01 15:26:00
Email,6172.305494095207,2023-01-01 15:27:00
Email,1706.1782956708428,2023-01-01 15:28:00
Meetings,5776.13946690681,2023-01-01 15:29:00
Meetings,4269.512220623974,2023-01-01 15:30:00
Meetings,2530.3623909356133,2023-01-01 15:31:00
Project Work,1165.4251400879507,2023-01-01 15:32:00
Deep Work,6167.051058390416,2023-01-01 15:33:00
Meetings,3076.7132569531777,2023-01-01 15:34:00
Meetings,5631.264175707572,2023-01-01 15:35:00
Deep Work,6853.056072374045,2023-01-01 15:36:00
Meetings,5241.170039006745,2023-01-01 15:37:00
Meetings,333.4745861263584,2023-01-01 15:38:00
Deep Work,6815.597222224887,2023-01-01 15:39:00
Project Work,5652.996045929688,2023-01-01 15:40:00
Email,4463.0052414622205,2023-01-01 15:41:00
Project Work,2936.9735110969777,2023-01-01 15:42:00
Project Work,1427.2580732253218,2023-01-01 15:43:00
Email,888.2480155110703,2023-01-01 15:44:00
Project Work,5818.081606362614,2023-01-01 15:45:00
Email,5315.3660643176445,2023-01-01 15:46:00
Project Work,6498.629990971933,2023-01-01 15:47:00
Project Work,678.6382673159148,2023-01-01 15:48:00
Meetings,680.5106333193437,2023-01-01 15:49:00
Project Work,5931.665178460489,2023-01-01 15:50:00
Project Work,3651.905050293381,2023-01-01 15:51:00
Deep Work,6544.329703844303,2023-01-01 15:52:00
Meetings,5142.408063932371,2023-01-01 15:53:00
Project Work,3737.619263309019,2023-01-01 15:54:00
Meetings,883.5319102843127,2023-01-01 15:55:00
Email,6283.907781229042,2023-01-01 15:56:00
Meetings,2212.7406794375784,2023-01-01 15:57:00
Deep Work,3424.232172072964,2023-01-01 15:58:00
Deep Work,3986.087741215104,2023-01-01 15:59:00
Deep Work,5953.719259838444,2023-01-01 16:00:00
Email,6558.831639290692,2023-01-01 16:01:00
Deep Work,2682.1160389367983,2023-01-01 16:02:00
Deep Work,5934.630476457356,2023-01-01 16:03:00
Email,3075.8411936386774,2023-01-01 16:04:00
Email,2625.9889859335854,2023-01-01 16:05:00
Project Work,3031.8455682166555,2023-01-01 16:06:00
Email,5594.208179490582,2023-01-01 16:07:00
Email,1325.8363869139173,2023-01-01 16:08:00
Project Work,5079.859246973336,2023-01-01 16:09:00
Project Work,6986.023000536606,2023-01-01 16:10:00
Deep Work,2318.258703870145,2023-01-01 16:11:00
Email,698.0834101291293,2023-01-01 16:12:00
Meetings,3274.2670260988184,2023-01-01 16:13:00
Meetings,2630.207628865437,2023-01-01 16:14:00
Email,4731.496922954041,2023-01-01 16:15:00
Project Work,1242.9757202480432,2023-01-01 16:16:00
Project Work,4837.780195362543,2023-01-01 16:17:00
Email,2108.469208801097,2023-01-01 16:18:00
Email,4920.946391814649,2023-01-01 16:19:00
Deep Work,3287.9748697202936,2023-01-01 16:20:00
Project Work,4786.7239719307045,2023-01-01 16:21:00
Email,4009.881330965938,2023-01-01 16:22:00
Meetings,4309.933748774007,2023-01-01 16:23:00
Deep Work,932.3430352205028,2023-01-01 16:24:00
Meetings,373.944856890984,2023-01-01 16:25:00
Meetings,5711.063370843813,2023-01-01 16:26:00
Deep Work,6884.458650036738,2023-01-01 16:27:00
Meetings,2684.1975508746928,2023-01-01 16:28:00
Meetings,4402.933947753549,2023-01-01 16:29:00
Deep Work,3818.9120784318175,2023-01-01 16:30:00
Project Work,4842.242993365182,2023-01-01 16:31:00
Project Work,6914.765156277204,2023-01-01 16:32:00
Deep Work,2208.5071839139,2023-01-01 16:33:00
Deep Work,1768.985925067722,2023-01-01 16:34:00
Project Work,4525.558556069713,2023-01-01 16:35:00
Meetings,5862.506627275022,2023-01-01 16:36:00
Meetings,780.5768965784059,2023-01-01 16:37:00
Meetings,7189.74467231052,2023-01-01 16:38:00
Deep Work,3652.799651043861,2023-01-01 16:39:00
