employee_id,timestamp,total_session_time,active_time,idle_time,active_percentage,devices_used,application_switches,task_completion_rate,ideal_time_category
EMP005,2024-11-11 10:22:07.099911,271,260,11,95.9409594095941,"Tablet, Desktop",16,0.800248995990454,Core Working Hours
EMP009,2024-11-22 15:20:07.099911,387,354,33,91.47286821705426,"Desktop, Mobile",17,0.9564347837408378,Core Working Hours
EMP017,2024-11-07 04:31:07.099911,352,350,2,99.43181818181816,"Desktop, Laptop",17,0.544512094842402,Non-Working Hours
EMP008,2024-11-04 06:18:07.099911,318,202,116,63.52201257861635,"Laptop, Tablet",19,0.8519229716608441,Flexible Working Hours
EMP013,2024-11-14 20:22:07.099911,353,235,118,66.57223796033995,"Mobile, Desktop",6,0.9299531570559836,Non-Working Hours
EMP004,2024-11-02 17:10:07.099911,294,199,95,67.68707482993197,"Desktop, Tablet",1,0.6827735916771704,Flexible Working Hours
EMP011,2024-11-26 07:10:07.099911,359,246,113,68.52367688022284,"Laptop, Tablet",6,0.7164740151013176,Flexible Working Hours
EMP014,2024-11-29 13:18:07.099911,478,307,171,64.22594142259415,Desktop,4,0.8421790957934827,Core Working Hours
EMP005,2024-11-21 16:19:07.099911,251,227,24,90.4382470119522,Mobile,16,0.6067030435810927,Core Working Hours
EMP005,2024-11-28 05:29:07.099911,176,142,34,80.68181818181817,Desktop,9,0.5141114603991683,Non-Working Hours
EMP020,2024-11-01 07:27:07.099911,395,366,29,92.65822784810128,"Laptop, Tablet",1,0.8573643715708512,Flexible Working Hours
EMP015,2024-11-08 23:44:07.099911,27,16,11,59.25925925925925,"Tablet, Mobile",11,0.9979848896072409,Non-Working Hours
EMP012,2024-11-08 01:32:07.099911,249,219,30,87.95180722891565,Mobile,5,0.5994743861426979,Non-Working Hours
EMP008,2024-11-05 02:57:07.099911,82,65,17,79.26829268292683,"Desktop, Mobile",2,0.7303035486475754,Non-Working Hours
EMP008,2024-11-09 03:02:07.099911,90,59,31,65.55555555555556,"Desktop, Laptop",12,0.9931084878110158,Non-Working Hours
EMP005,2024-11-30 02:58:07.099911,200,191,9,95.5,Tablet,11,0.8805060412843877,Non-Working Hours
EMP019,2024-11-01 14:00:07.099911,103,87,16,84.46601941747572,"Desktop, Laptop",11,0.6597290284185255,Core Working Hours
EMP012,2024-11-03 06:17:07.099911,75,47,28,62.66666666666667,Desktop,6,0.5559146214113783,Flexible Working Hours
EMP017,2024-11-24 08:26:07.099911,39,27,12,69.23076923076923,"Mobile, Tablet",3,0.9950011301120324,Flexible Working Hours
EMP004,2024-11-11 14:03:07.099911,175,173,2,98.85714285714286,"Tablet, Laptop",9,0.8906154845405815,Core Working Hours
EMP014,2024-11-07 10:16:07.099911,466,304,162,65.23605150214593,"Mobile, Tablet",6,0.5880886034478952,Core Working Hours
EMP020,2024-11-21 03:48:07.099911,413,284,129,68.76513317191282,"Laptop, Tablet",11,0.8477484581817858,Non-Working Hours
EMP003,2024-11-21 10:45:07.099911,371,245,126,66.0377358490566,"Desktop, Mobile",16,0.7310640851420425,Core Working Hours
EMP004,2024-11-08 01:04:07.099911,18,17,1,94.44444444444444,"Tablet, Desktop",18,0.5665267949615,Non-Working Hours
EMP015,2024-11-07 23:54:07.099911,187,175,12,93.58288770053476,Laptop,19,0.7196839416089995,Non-Working Hours
EMP002,2024-11-09 19:56:07.099911,211,155,56,73.45971563981043,Tablet,11,0.8458984755711224,Flexible Working Hours
EMP008,2024-11-15 15:10:07.099911,387,328,59,84.75452196382429,Laptop,17,0.9953405783927398,Core Working Hours
EMP017,2024-11-24 05:19:07.099911,276,258,18,93.47826086956522,Tablet,17,0.7208864555907288,Non-Working Hours
EMP008,2024-11-10 03:59:07.099911,362,345,17,95.30386740331492,"Tablet, Mobile",11,0.849695032479645,Non-Working Hours
EMP007,2024-11-28 08:01:07.099911,446,427,19,95.73991031390136,Tablet,15,0.7027810280751405,Flexible Working Hours
EMP007,2024-11-22 16:56:07.099911,181,143,38,79.00552486187846,"Mobile, Laptop",16,0.8228517417490552,Core Working Hours
EMP010,2024-11-12 05:10:07.099911,408,407,1,99.75490196078432,"Laptop, Mobile",10,0.68307633125938,Non-Working Hours
EMP012,2024-11-24 08:37:07.099911,67,52,15,77.61194029850746,"Desktop, Mobile",9,0.7196781204421208,Flexible Working Hours
EMP007,2024-11-06 18:52:07.099911,170,129,41,75.88235294117646,Mobile,18,0.7924039716047124,Flexible Working Hours
EMP016,2024-11-09 18:12:07.099911,101,61,40,60.3960396039604,"Laptop, Desktop",14,0.9141995250913264,Flexible Working Hours
EMP005,2024-11-20 08:43:07.099911,364,361,3,99.17582417582418,Tablet,19,0.9101678954025788,Flexible Working Hours
EMP012,2024-11-02 18:02:07.099911,408,313,95,76.7156862745098,"Desktop, Laptop",11,0.7278719781486556,Flexible Working Hours
EMP001,2024-11-26 13:19:07.099911,214,183,31,85.51401869158879,Tablet,7,0.824956014219756,Core Working Hours
EMP007,2024-11-26 00:46:07.099911,63,62,1,98.4126984126984,Mobile,9,0.8858891013585293,Non-Working Hours
EMP010,2024-11-28 14:31:07.099911,358,325,33,90.78212290502792,Desktop,3,0.6768167249871759,Core Working Hours
EMP004,2024-11-20 19:26:07.099911,107,89,18,83.17757009345794,Mobile,16,0.6876893284604833,Flexible Working Hours
EMP014,2024-11-22 21:26:07.099911,265,256,9,96.60377358490568,Laptop,5,0.9617256646454776,Non-Working Hours
EMP002,2024-11-11 21:37:07.099911,207,143,64,69.08212560386472,Mobile,19,0.860724349198502,Non-Working Hours
EMP005,2024-11-12 22:04:07.099911,54,48,6,88.88888888888889,"Laptop, Tablet",16,0.6240492971036598,Non-Working Hours
EMP008,2024-11-30 16:02:07.099911,77,46,31,59.74025974025974,Tablet,13,0.9300836153545152,Core Working Hours
EMP011,2024-11-17 00:22:07.099911,150,145,5,96.66666666666669,"Tablet, Laptop",8,0.6795950814217675,Non-Working Hours
EMP017,2024-11-25 03:29:07.099911,430,311,119,72.32558139534883,"Laptop, Mobile",15,0.8281793574521135,Non-Working Hours
EMP001,2024-11-12 08:32:07.099911,171,133,38,77.77777777777779,Desktop,18,0.5491605232739036,Flexible Working Hours
EMP004,2024-11-21 13:19:07.099911,162,138,24,85.18518518518519,Tablet,15,0.7150526792142754,Core Working Hours
EMP012,2024-11-04 12:41:07.099911,315,292,23,92.6984126984127,Tablet,11,0.6983312496304468,Non-Working Hours
EMP002,2024-11-16 03:05:07.099911,319,212,107,66.4576802507837,"Mobile, Tablet",8,0.9834606970372104,Non-Working Hours
EMP017,2024-11-02 08:31:07.099911,26,20,6,76.92307692307693,"Mobile, Tablet",15,0.6343665779778036,Flexible Working Hours
EMP015,2024-11-05 12:26:07.099911,377,274,103,72.67904509283821,Desktop,8,0.6536965291399915,Non-Working Hours
EMP015,2024-11-16 10:00:07.099911,347,223,124,64.26512968299711,"Laptop, Desktop",15,0.6559277083152036,Core Working Hours
EMP018,2024-11-23 04:46:07.099911,177,146,31,82.48587570621469,"Mobile, Tablet",13,0.956557387877948,Non-Working Hours
EMP009,2024-11-29 03:34:07.099911,33,30,3,90.9090909090909,"Desktop, Mobile",8,0.8857715055085473,Non-Working Hours
EMP008,2024-11-23 09:43:07.099911,223,171,52,76.68161434977578,"Laptop, Mobile",19,0.5860042331439502,Core Working Hours
EMP005,2024-11-29 17:18:07.099911,98,84,14,85.71428571428571,"Laptop, Tablet",4,0.7933105376062802,Flexible Working Hours
EMP019,2024-11-11 11:34:07.099911,132,81,51,61.36363636363637,"Mobile, Tablet",6,0.879717760381314,Core Working Hours
EMP004,2024-11-19 00:36:07.099911,293,187,106,63.82252559726962,Tablet,5,0.8575996636332088,Non-Working Hours
EMP020,2024-11-05 19:44:07.099911,65,47,18,72.3076923076923,Desktop,14,0.6514159978984936,Flexible Working Hours
EMP003,2024-11-28 07:39:07.099911,379,268,111,70.71240105540898,"Laptop, Desktop",9,0.9292704117437892,Flexible Working Hours
EMP009,2024-11-13 03:07:07.099911,37,34,3,91.8918918918919,Tablet,1,0.5921670959934462,Non-Working Hours
EMP006,2024-11-01 14:09:07.099911,322,272,50,84.472049689441,Mobile,17,0.7614593408764261,Core Working Hours
EMP002,2024-11-14 22:26:07.099911,47,43,4,91.48936170212764,"Tablet, Laptop",17,0.8602738027831748,Non-Working Hours
EMP009,2024-11-22 13:01:07.099911,175,147,28,84.0,"Laptop, Desktop",13,0.9984970648686904,Core Working Hours
EMP013,2024-11-25 12:08:07.099911,416,325,91,78.125,Tablet,14,0.7229289945520865,Non-Working Hours
EMP013,2024-11-04 03:06:07.099911,314,228,86,72.61146496815286,Desktop,9,0.8829239121513501,Non-Working Hours
EMP014,2024-11-01 20:46:07.099911,23,22,1,95.65217391304348,"Tablet, Laptop",11,0.7843078352113906,Non-Working Hours
EMP013,2024-11-29 21:58:07.099911,90,81,9,90.0,"Mobile, Desktop",9,0.999347152930521,Non-Working Hours
EMP001,2024-11-08 21:59:07.099911,268,216,52,80.59701492537313,Laptop,18,0.958218758006536,Non-Working Hours
EMP011,2024-11-09 05:45:07.099911,242,175,67,72.31404958677686,Tablet,2,0.900254852526875,Non-Working Hours
EMP019,2024-11-10 02:39:07.099911,433,305,128,70.43879907621246,"Laptop, Mobile",18,0.785241506535471,Non-Working Hours
EMP011,2024-11-27 09:51:07.099911,253,169,84,66.79841897233202,"Desktop, Mobile",18,0.6777293719757239,Core Working Hours
EMP005,2024-11-12 19:43:07.099911,91,65,26,71.42857142857143,Tablet,3,0.8549484551905291,Flexible Working Hours
EMP015,2024-11-28 04:51:07.099911,104,62,42,59.61538461538461,"Laptop, Mobile",12,0.8422347884899011,Non-Working Hours
EMP017,2024-11-28 03:04:07.099911,177,173,4,97.74011299435028,"Laptop, Mobile",19,0.6579956847963867,Non-Working Hours
EMP018,2024-11-06 08:12:07.099911,197,182,15,92.38578680203044,"Mobile, Laptop",14,0.67240313056643,Flexible Working Hours
EMP009,2024-11-08 04:47:07.099911,87,74,13,85.0574712643678,Mobile,2,0.7844291120562852,Non-Working Hours
EMP003,2024-11-03 14:14:07.099911,104,88,16,84.61538461538461,Desktop,14,0.664493455947413,Core Working Hours
EMP012,2024-11-19 00:46:07.099911,246,235,11,95.52845528455283,"Laptop, Tablet",7,0.631121317241022,Non-Working Hours
EMP003,2024-11-12 10:32:07.099911,384,264,120,68.75,"Tablet, Mobile",11,0.8389132431992284,Core Working Hours
EMP009,2024-11-01 10:20:07.099911,350,253,97,72.28571428571429,Desktop,4,0.507074281110514,Core Working Hours
EMP020,2024-11-28 12:40:07.099911,362,311,51,85.91160220994475,"Tablet, Desktop",18,0.6937837544597741,Non-Working Hours
EMP014,2024-11-02 05:15:07.099911,262,229,33,87.40458015267176,"Desktop, Laptop",5,0.8746673373964174,Non-Working Hours
EMP019,2024-11-06 23:54:07.099911,361,287,74,79.50138504155125,Tablet,4,0.8800057756256265,Non-Working Hours
EMP005,2024-11-12 12:13:07.099911,124,94,30,75.80645161290323,Tablet,11,0.8029418298574266,Non-Working Hours
EMP006,2024-11-01 16:20:07.099911,450,274,176,60.88888888888889,"Laptop, Desktop",19,0.7435817415015322,Core Working Hours
EMP011,2024-11-28 08:53:07.099911,108,75,33,69.44444444444444,Laptop,2,0.8416189464294466,Flexible Working Hours
EMP005,2024-11-01 19:19:07.099911,99,86,13,86.86868686868688,"Desktop, Laptop",1,0.8710432054953683,Flexible Working Hours
EMP020,2024-11-14 05:33:07.099911,370,299,71,80.8108108108108,Laptop,17,0.8122851335232228,Non-Working Hours
EMP007,2024-11-11 21:37:07.099911,268,191,77,71.26865671641791,Desktop,5,0.5803368130737933,Non-Working Hours
EMP013,2024-11-15 10:54:07.099911,479,409,70,85.38622129436325,Laptop,11,0.8962320343967887,Core Working Hours
EMP002,2024-11-15 20:51:07.099911,378,236,142,62.43386243386243,Desktop,11,0.904813795054742,Non-Working Hours
EMP007,2024-11-13 18:34:07.099911,425,264,161,62.117647058823536,"Mobile, Tablet",18,0.6519294808475395,Flexible Working Hours
EMP013,2024-11-02 23:27:07.099911,310,278,32,89.6774193548387,Mobile,11,0.9960227756007785,Non-Working Hours
EMP014,2024-11-12 14:24:07.099911,451,353,98,78.27050997782705,"Laptop, Tablet",15,0.7934058519839375,Core Working Hours
EMP014,2024-11-11 18:14:07.099911,292,204,88,69.86301369863014,"Desktop, Mobile",7,0.5766649748469805,Flexible Working Hours
EMP012,2024-11-30 06:34:07.099911,461,377,84,81.77874186550976,Desktop,4,0.6957586350409641,Flexible Working Hours
EMP006,2024-11-13 18:14:07.099911,415,402,13,96.86746987951808,"Laptop, Desktop",4,0.6952456612884942,Flexible Working Hours
EMP006,2024-11-25 01:18:07.099911,413,258,155,62.469733656174334,"Desktop, Laptop",15,0.8851639043014953,Non-Working Hours
EMP003,2024-11-08 03:54:07.099911,75,73,2,97.33333333333334,"Mobile, Tablet",15,0.7090450205520737,Non-Working Hours
EMP009,2024-11-23 12:34:07.099911,366,331,35,90.43715846994536,Tablet,7,0.9768638810593504,Non-Working Hours
EMP013,2024-11-11 20:36:07.099911,410,261,149,63.65853658536585,"Mobile, Desktop",15,0.5247599796990294,Non-Working Hours
EMP015,2024-11-27 19:00:07.099911,42,39,3,92.85714285714286,Laptop,3,0.985940779731534,Flexible Working Hours
EMP010,2024-11-20 11:49:07.099911,355,213,142,60.0,"Desktop, Tablet",18,0.666295030513264,Core Working Hours
EMP016,2024-11-18 18:54:07.099911,166,159,7,95.78313253012048,Desktop,13,0.6712157133874481,Flexible Working Hours
EMP005,2024-11-25 04:02:07.099911,71,46,25,64.7887323943662,"Desktop, Mobile",9,0.6800523154855426,Non-Working Hours
EMP012,2024-11-20 00:09:07.099911,128,123,5,96.09375,"Mobile, Desktop",1,0.7470077409361887,Non-Working Hours
EMP005,2024-11-22 05:13:07.099911,155,108,47,69.6774193548387,"Tablet, Desktop",11,0.8360551315488365,Non-Working Hours
EMP005,2024-11-26 02:23:07.099911,34,21,13,61.76470588235294,"Mobile, Tablet",15,0.9629549625032446,Non-Working Hours
EMP007,2024-11-28 01:28:07.099911,217,184,33,84.7926267281106,"Desktop, Laptop",6,0.6935248931390018,Non-Working Hours
EMP015,2024-11-04 21:53:07.099911,124,115,9,92.74193548387096,Desktop,13,0.9640988295699996,Non-Working Hours
EMP003,2024-11-28 02:42:07.099911,360,352,8,97.77777777777776,Tablet,8,0.7521673359153641,Non-Working Hours
EMP020,2024-11-19 09:33:07.099911,63,48,15,76.19047619047619,"Tablet, Mobile",15,0.9301577429928864,Core Working Hours
EMP001,2024-11-08 07:40:07.099911,103,84,19,81.55339805825243,"Laptop, Tablet",6,0.6611446566060581,Flexible Working Hours
EMP010,2024-11-26 17:10:07.099911,238,210,28,88.23529411764706,"Mobile, Tablet",17,0.8784601084637012,Flexible Working Hours
EMP013,2024-11-06 10:11:07.099911,157,117,40,74.52229299363057,"Laptop, Mobile",18,0.96062578234228,Core Working Hours
EMP017,2024-11-29 00:31:07.099911,425,263,162,61.882352941176464,"Desktop, Mobile",17,0.568367011205082,Non-Working Hours
EMP010,2024-11-05 23:06:07.099911,256,205,51,80.078125,"Laptop, Desktop",18,0.6451822527456761,Non-Working Hours
EMP011,2024-11-29 02:25:07.099911,225,223,2,99.11111111111111,Mobile,5,0.6678444854667205,Non-Working Hours
EMP013,2024-11-10 10:32:07.099911,314,198,116,63.05732484076433,"Desktop, Laptop",3,0.8746281152919891,Core Working Hours
EMP011,2024-11-26 10:35:07.099911,201,139,62,69.15422885572139,Tablet,7,0.795442164315793,Core Working Hours
EMP019,2024-11-01 17:46:07.099911,42,29,13,69.04761904761905,"Laptop, Mobile",8,0.9520547323481132,Flexible Working Hours
EMP014,2024-11-23 20:21:07.099911,50,48,2,96.0,"Laptop, Tablet",2,0.8795110253015607,Non-Working Hours
EMP019,2024-11-04 01:51:07.099911,431,282,149,65.4292343387471,"Laptop, Desktop",18,0.9209314044144296,Non-Working Hours
EMP009,2024-11-08 12:15:07.099911,28,26,2,92.85714285714286,Tablet,3,0.5301857128087907,Non-Working Hours
EMP010,2024-11-08 13:56:07.099911,369,280,89,75.88075880758808,Mobile,15,0.9146353560997814,Core Working Hours
EMP020,2024-11-16 15:51:07.099911,318,232,86,72.95597484276729,"Desktop, Mobile",9,0.8165683290046875,Core Working Hours
EMP018,2024-11-11 10:46:07.099911,105,90,15,85.71428571428571,"Mobile, Desktop",7,0.9379014986098814,Core Working Hours
EMP008,2024-11-25 09:47:07.099911,236,202,34,85.59322033898306,Desktop,11,0.637026376992075,Core Working Hours
EMP002,2024-11-23 06:39:07.099911,339,280,59,82.59587020648968,Desktop,13,0.5884679211205845,Flexible Working Hours
EMP007,2024-11-14 13:49:07.099911,89,59,30,66.29213483146067,"Tablet, Mobile",5,0.6971309019005861,Core Working Hours
EMP015,2024-11-26 05:55:07.099911,465,428,37,92.04301075268818,"Tablet, Desktop",18,0.5803967646719181,Non-Working Hours
EMP010,2024-11-20 14:46:07.099911,40,31,9,77.5,Mobile,6,0.9802620745201324,Core Working Hours
EMP011,2024-11-03 20:44:07.099911,188,146,42,77.6595744680851,Desktop,7,0.5614531267863083,Non-Working Hours
EMP006,2024-11-14 17:20:07.099911,355,245,110,69.01408450704226,Laptop,13,0.9846749619071024,Flexible Working Hours
EMP007,2024-11-09 16:31:07.099911,127,95,32,74.80314960629921,"Laptop, Desktop",10,0.7989621091276836,Core Working Hours
EMP001,2024-11-30 06:10:07.099911,37,29,8,78.37837837837837,"Laptop, Desktop",7,0.7599461317290643,Flexible Working Hours
EMP012,2024-11-25 00:47:07.099911,49,41,8,83.6734693877551,"Mobile, Tablet",7,0.9616150313987184,Non-Working Hours
EMP005,2024-11-01 03:44:07.099911,54,47,7,87.03703703703704,Tablet,9,0.7658059783258544,Non-Working Hours
EMP005,2024-11-30 00:28:07.099911,290,259,31,89.3103448275862,Laptop,14,0.8773683236203587,Non-Working Hours
EMP006,2024-11-17 12:37:07.099911,307,250,57,81.43322475570032,"Tablet, Desktop",14,0.5966299310199992,Non-Working Hours
EMP013,2024-11-14 17:09:07.099911,315,289,26,91.74603174603176,"Tablet, Laptop",17,0.8240544394247089,Flexible Working Hours
EMP013,2024-11-22 15:34:07.099911,314,214,100,68.15286624203821,"Desktop, Tablet",7,0.810537782742342,Core Working Hours
EMP009,2024-11-30 15:12:07.099911,163,150,13,92.0245398773006,"Laptop, Tablet",9,0.7701745080486138,Core Working Hours
EMP014,2024-11-02 15:50:07.099911,364,240,124,65.93406593406593,Tablet,19,0.5581381179398357,Core Working Hours
EMP008,2024-11-14 17:18:07.099911,158,98,60,62.0253164556962,"Laptop, Tablet",9,0.6985144717703081,Flexible Working Hours
EMP017,2024-11-22 03:17:07.099911,115,104,11,90.43478260869566,Laptop,16,0.7156963024697409,Non-Working Hours
EMP003,2024-11-14 18:40:07.099911,353,257,96,72.80453257790369,Desktop,1,0.8817955563213513,Flexible Working Hours
EMP004,2024-11-07 07:19:07.099911,278,251,27,90.28776978417268,"Desktop, Tablet",8,0.948223054852512,Flexible Working Hours
EMP005,2024-11-23 12:32:07.099911,194,117,77,60.30927835051546,Laptop,17,0.8994637298408439,Non-Working Hours
EMP014,2024-11-04 06:54:07.099911,420,318,102,75.71428571428571,Desktop,5,0.7990800966972407,Flexible Working Hours
EMP002,2024-11-22 13:29:07.099911,461,409,52,88.72017353579176,Desktop,10,0.8130570724789662,Core Working Hours
EMP008,2024-10-31 17:53:07.099911,116,80,36,68.96551724137932,"Mobile, Tablet",2,0.8081206327104616,Flexible Working Hours
EMP020,2024-11-27 11:57:07.099911,337,225,112,66.76557863501483,"Mobile, Desktop",11,0.5293440791368386,Core Working Hours
EMP020,2024-11-18 00:07:07.099911,327,247,80,75.53516819571865,"Mobile, Desktop",13,0.9698767683259796,Non-Working Hours
EMP004,2024-11-04 07:04:07.099911,253,247,6,97.62845849802372,"Laptop, Desktop",14,0.7538250082716762,Flexible Working Hours
EMP013,2024-11-02 22:10:07.099911,459,336,123,73.20261437908496,"Mobile, Desktop",1,0.667296879874338,Non-Working Hours
EMP016,2024-11-17 09:12:07.099911,103,61,42,59.22330097087378,"Mobile, Tablet",9,0.9942401396354692,Core Working Hours
EMP008,2024-11-29 02:22:07.099911,252,167,85,66.26984126984127,Laptop,4,0.6209325735832247,Non-Working Hours
EMP001,2024-11-10 00:56:07.099911,330,256,74,77.57575757575758,Mobile,5,0.9491035370217338,Non-Working Hours
EMP011,2024-11-20 17:21:07.099911,443,339,104,76.52370203160271,Tablet,13,0.6633211849650088,Flexible Working Hours
EMP006,2024-11-02 17:16:07.099911,409,262,147,64.05867970660147,"Desktop, Tablet",7,0.8039026665036011,Flexible Working Hours
EMP012,2024-11-27 12:28:07.099911,316,216,100,68.35443037974683,"Desktop, Tablet",5,0.832091772697217,Non-Working Hours
EMP004,2024-11-29 15:33:07.099911,86,70,16,81.3953488372093,"Laptop, Mobile",10,0.7693708604281451,Core Working Hours
EMP018,2024-11-01 03:57:07.099911,385,373,12,96.88311688311688,"Tablet, Mobile",7,0.9581187414885476,Non-Working Hours
EMP017,2024-11-29 19:12:07.099911,193,188,5,97.40932642487049,"Desktop, Laptop",3,0.5464358299130294,Flexible Working Hours
EMP001,2024-11-30 12:27:07.099911,183,129,54,70.49180327868852,"Laptop, Tablet",9,0.755952653732648,Non-Working Hours
EMP014,2024-11-02 01:37:07.099911,375,327,48,87.2,"Laptop, Desktop",5,0.6050682777349075,Non-Working Hours
EMP016,2024-11-23 12:34:07.099911,115,89,26,77.39130434782608,Mobile,12,0.5911510250871672,Non-Working Hours
EMP014,2024-11-09 11:44:07.099911,111,70,41,63.06306306306306,"Mobile, Laptop",9,0.6668875734986766,Core Working Hours
EMP010,2024-11-07 02:31:07.099911,182,167,15,91.75824175824177,"Mobile, Desktop",13,0.5645957452127645,Non-Working Hours
EMP004,2024-11-13 10:08:07.099911,466,426,40,91.41630901287554,"Tablet, Laptop",19,0.5239683488529081,Core Working Hours
EMP019,2024-11-16 06:49:07.099911,107,69,38,64.48598130841121,Laptop,3,0.6035113431331841,Flexible Working Hours
EMP009,2024-11-08 03:44:07.099911,106,91,15,85.84905660377359,"Desktop, Mobile",13,0.9442517981713066,Non-Working Hours
EMP002,2024-11-06 13:20:07.099911,371,276,95,74.39353099730458,Mobile,15,0.916213459953848,Core Working Hours
EMP007,2024-11-08 10:33:07.099911,186,132,54,70.96774193548387,Mobile,2,0.6367989728108701,Core Working Hours
EMP006,2024-11-28 19:01:07.099911,90,85,5,94.44444444444444,Laptop,2,0.9002626981972631,Flexible Working Hours
EMP018,2024-11-21 15:30:07.099911,107,65,42,60.74766355140186,Desktop,19,0.6539365963134454,Core Working Hours
EMP018,2024-11-02 03:55:07.099911,89,85,4,95.50561797752808,"Laptop, Desktop",9,0.5107961488427254,Non-Working Hours
EMP014,2024-11-29 03:44:07.099911,432,306,126,70.83333333333334,"Desktop, Mobile",1,0.9315015734518136,Non-Working Hours
EMP011,2024-11-24 10:10:07.099911,189,170,19,89.94708994708994,"Laptop, Tablet",13,0.8295702794999366,Core Working Hours
EMP004,2024-11-07 21:38:07.099911,435,267,168,61.37931034482759,"Tablet, Mobile",14,0.9719289040220304,Non-Working Hours
EMP002,2024-11-19 22:21:07.099911,105,85,20,80.95238095238095,"Tablet, Laptop",12,0.5599131322755757,Non-Working Hours
EMP012,2024-11-05 03:00:07.099911,278,224,54,80.57553956834532,"Tablet, Laptop",8,0.709332953479346,Non-Working Hours
EMP012,2024-11-16 11:45:07.099911,99,62,37,62.62626262626263,"Desktop, Mobile",16,0.5730483444103852,Core Working Hours
EMP001,2024-11-20 18:01:07.099911,436,282,154,64.6788990825688,Laptop,7,0.7087956127283743,Flexible Working Hours
EMP007,2024-11-30 12:34:07.099911,15,11,4,73.33333333333333,"Desktop, Mobile",4,0.9490933426836908,Non-Working Hours
EMP018,2024-11-06 02:42:07.099911,31,21,10,67.74193548387096,"Laptop, Mobile",10,0.728018902941957,Non-Working Hours
EMP017,2024-11-02 09:21:07.099911,318,256,62,80.50314465408806,"Tablet, Mobile",13,0.5784825215156648,Core Working Hours
EMP013,2024-11-23 08:40:07.099911,233,200,33,85.83690987124464,Mobile,5,0.6842955812945435,Flexible Working Hours
EMP005,2024-11-20 02:48:07.099911,351,267,84,76.06837606837607,"Laptop, Mobile",3,0.8466393168006465,Non-Working Hours
EMP001,2024-11-07 19:33:07.099911,294,242,52,82.31292517006803,"Desktop, Mobile",3,0.7588897024586614,Flexible Working Hours
EMP010,2024-11-25 11:19:07.099911,311,258,53,82.95819935691318,"Mobile, Desktop",16,0.7916385094551897,Core Working Hours
EMP015,2024-11-02 14:29:07.099911,91,79,12,86.81318681318682,Desktop,13,0.5563120577052849,Core Working Hours
EMP002,2024-11-25 13:20:07.099911,91,88,3,96.7032967032967,Desktop,15,0.5066798107558039,Core Working Hours
EMP020,2024-11-02 17:25:07.099911,327,325,2,99.38837920489296,Laptop,14,0.7242154198030857,Flexible Working Hours
EMP004,2024-11-06 21:18:07.099911,349,210,139,60.17191977077364,"Laptop, Desktop",9,0.5980169432561866,Non-Working Hours
EMP008,2024-11-26 08:17:07.099911,114,81,33,71.05263157894737,Laptop,15,0.9894141972832072,Flexible Working Hours
EMP006,2024-11-01 01:48:07.099911,426,259,167,60.798122065727696,"Tablet, Laptop",17,0.5455187448057063,Non-Working Hours
EMP010,2024-11-02 21:08:07.099911,267,186,81,69.66292134831461,Mobile,8,0.7584168365795508,Non-Working Hours
EMP004,2024-11-19 03:54:07.099911,239,161,78,67.36401673640168,"Laptop, Desktop",18,0.6205736250457989,Non-Working Hours
EMP020,2024-11-16 18:16:07.099911,77,68,9,88.31168831168831,Desktop,7,0.7027004906229583,Flexible Working Hours
EMP007,2024-11-18 17:54:07.099911,61,43,18,70.49180327868852,Tablet,15,0.7401450032842157,Flexible Working Hours
EMP007,2024-11-17 01:36:07.099911,240,217,23,90.41666666666669,"Laptop, Desktop",14,0.6106507476750023,Non-Working Hours
EMP015,2024-11-14 21:08:07.099911,188,138,50,73.40425531914893,Mobile,18,0.5517063521118528,Non-Working Hours
EMP016,2024-11-12 07:18:07.099911,125,100,25,80.0,"Mobile, Tablet",4,0.5766454422989331,Flexible Working Hours
EMP015,2024-11-22 08:46:07.099911,204,168,36,82.35294117647058,Desktop,19,0.614816711377483,Flexible Working Hours
EMP003,2024-11-06 10:52:07.099911,439,420,19,95.67198177676538,"Mobile, Laptop",7,0.5045182840100593,Core Working Hours
EMP010,2024-11-10 23:20:07.099911,107,65,42,60.74766355140186,"Mobile, Tablet",14,0.8968176037222861,Non-Working Hours
EMP009,2024-11-14 00:44:07.099911,185,153,32,82.70270270270271,"Tablet, Mobile",3,0.8908687520179979,Non-Working Hours
EMP018,2024-11-01 01:59:07.099911,90,62,28,68.88888888888889,"Desktop, Tablet",2,0.9487724781439986,Non-Working Hours
EMP003,2024-11-21 19:32:07.099911,262,206,56,78.62595419847328,Tablet,3,0.9422676831591356,Flexible Working Hours
EMP019,2024-11-12 00:11:07.099911,429,313,116,72.96037296037296,"Mobile, Laptop",16,0.8797389963532527,Non-Working Hours
EMP019,2024-11-16 21:17:07.099911,409,322,87,78.72860635696821,"Tablet, Laptop",11,0.7442517929122822,Non-Working Hours
EMP011,2024-11-08 09:10:07.099911,36,27,9,75.0,"Desktop, Laptop",10,0.8024824414901399,Core Working Hours
EMP019,2024-11-04 10:42:07.099911,308,252,56,81.81818181818183,"Tablet, Desktop",3,0.644446540250756,Core Working Hours
EMP012,2024-11-05 02:59:07.099911,28,19,9,67.85714285714286,"Tablet, Laptop",15,0.8873920257209309,Non-Working Hours
EMP014,2024-11-12 23:17:07.099911,348,330,18,94.82758620689656,"Laptop, Mobile",11,0.5195578494115354,Non-Working Hours
EMP012,2024-11-14 23:19:07.099911,473,427,46,90.27484143763212,Laptop,12,0.6897088508706812,Non-Working Hours
EMP015,2024-11-14 16:44:07.099911,372,270,102,72.58064516129032,Laptop,12,0.5612484303757053,Core Working Hours
EMP002,2024-11-24 20:24:07.099911,343,312,31,90.96209912536445,Tablet,11,0.6186740657838685,Non-Working Hours
EMP007,2024-11-15 11:21:07.099911,447,383,64,85.68232662192393,Tablet,14,0.6945799796936236,Core Working Hours
EMP016,2024-11-18 15:50:07.099911,334,231,103,69.16167664670658,Desktop,16,0.8637231229669458,Core Working Hours
EMP019,2024-11-05 16:20:07.099911,222,143,79,64.41441441441441,"Mobile, Tablet",15,0.7834207599244494,Core Working Hours
EMP017,2024-11-07 23:45:07.099911,153,110,43,71.89542483660131,"Laptop, Desktop",6,0.5953113639609637,Non-Working Hours
EMP020,2024-11-28 05:51:07.099911,252,218,34,86.5079365079365,"Mobile, Tablet",13,0.5359275878233153,Non-Working Hours
EMP009,2024-11-16 08:04:07.099911,227,181,46,79.73568281938326,"Mobile, Laptop",16,0.9885379956822608,Flexible Working Hours
EMP005,2024-11-23 04:53:07.099911,324,197,127,60.80246913580248,"Mobile, Tablet",15,0.9429570839769364,Non-Working Hours
EMP007,2024-11-12 09:15:07.099911,277,231,46,83.39350180505414,"Tablet, Laptop",11,0.719671824754657,Core Working Hours
EMP004,2024-11-08 05:03:07.099911,124,120,4,96.7741935483871,Laptop,7,0.6046732154480373,Non-Working Hours
EMP017,2024-11-27 06:19:07.099911,223,177,46,79.37219730941703,"Mobile, Laptop",10,0.9647068473680268,Flexible Working Hours
EMP018,2024-11-15 12:44:07.099911,382,231,151,60.47120418848168,Desktop,2,0.7287812191067486,Non-Working Hours
EMP008,2024-11-05 02:31:07.099911,479,446,33,93.1106471816284,"Desktop, Tablet",11,0.7168156544668376,Non-Working Hours
EMP005,2024-11-28 07:02:07.099911,233,182,51,78.11158798283262,Desktop,5,0.6743831391749198,Flexible Working Hours
EMP017,2024-11-30 00:42:07.099911,15,10,5,66.66666666666666,Laptop,19,0.8167436304811575,Non-Working Hours
EMP006,2024-11-18 21:23:07.099911,256,212,44,82.8125,Tablet,6,0.8241252422810201,Non-Working Hours
EMP008,2024-11-26 10:41:07.099911,367,292,75,79.56403269754769,"Laptop, Tablet",8,0.8670080694283491,Core Working Hours
EMP001,2024-11-08 08:33:07.099911,201,160,41,79.60199004975125,"Desktop, Tablet",16,0.6761936373904537,Flexible Working Hours
EMP001,2024-11-14 04:07:07.099911,24,19,5,79.16666666666666,Laptop,13,0.9720085395724264,Non-Working Hours
EMP018,2024-11-29 13:24:07.099911,393,244,149,62.08651399491095,"Tablet, Mobile",13,0.9470947327344962,Core Working Hours
EMP012,2024-11-15 02:50:07.099911,127,115,12,90.5511811023622,"Mobile, Desktop",10,0.8655179271133076,Non-Working Hours
EMP016,2024-11-15 06:03:07.099911,212,193,19,91.0377358490566,Mobile,10,0.8822123482121946,Flexible Working Hours
EMP014,2024-11-04 13:32:07.099911,18,14,4,77.77777777777779,Tablet,5,0.9679860942981232,Core Working Hours
EMP012,2024-11-17 00:45:07.099911,176,163,13,92.61363636363636,Tablet,8,0.927449388171412,Non-Working Hours
EMP014,2024-11-30 07:26:07.099911,448,351,97,78.34821428571429,"Mobile, Desktop",3,0.5427721996771975,Flexible Working Hours
EMP019,2024-11-19 03:01:07.099911,406,285,121,70.19704433497537,"Laptop, Tablet",13,0.6022001899510621,Non-Working Hours
EMP006,2024-11-01 12:37:07.099911,443,291,152,65.68848758465012,"Mobile, Laptop",13,0.8438937349125437,Non-Working Hours
EMP002,2024-11-26 03:23:07.099911,479,460,19,96.03340292275574,"Laptop, Mobile",4,0.6627928381063972,Non-Working Hours
EMP004,2024-11-25 15:08:07.099911,399,268,131,67.16791979949875,Tablet,17,0.523906388628389,Core Working Hours
EMP002,2024-11-14 20:39:07.099911,467,302,165,64.66809421841542,Laptop,11,0.671455928445986,Non-Working Hours
EMP004,2024-11-05 18:14:07.099911,229,161,68,70.3056768558952,"Tablet, Desktop",15,0.9035134065085088,Flexible Working Hours
EMP004,2024-11-29 10:21:07.099911,102,98,4,96.07843137254902,"Laptop, Mobile",2,0.8250728326631883,Core Working Hours
EMP013,2024-11-15 15:57:07.099911,155,142,13,91.61290322580643,Desktop,8,0.5255249548614541,Core Working Hours
EMP018,2024-11-13 13:27:07.099911,163,144,19,88.34355828220859,"Laptop, Tablet",18,0.929589221529695,Core Working Hours
EMP018,2024-11-24 13:24:07.099911,286,229,57,80.06993006993007,Desktop,8,0.8268563443031065,Core Working Hours
EMP015,2024-11-01 17:54:07.099911,202,148,54,73.26732673267327,"Mobile, Laptop",12,0.5809963157746104,Flexible Working Hours
EMP004,2024-11-19 15:11:07.099911,217,141,76,64.97695852534562,Tablet,11,0.5778047832160259,Core Working Hours
EMP003,2024-11-12 03:57:07.099911,319,202,117,63.322884012539184,Desktop,16,0.5095914518952085,Non-Working Hours
EMP004,2024-11-09 22:35:07.099911,281,246,35,87.54448398576513,"Mobile, Tablet",14,0.8425406704228391,Non-Working Hours
EMP009,2024-11-23 17:32:07.099911,174,167,7,95.97701149425288,"Mobile, Laptop",1,0.5567583742882206,Flexible Working Hours
EMP003,2024-11-29 17:54:07.099911,218,178,40,81.65137614678899,"Desktop, Laptop",7,0.6976482429146396,Flexible Working Hours
EMP011,2024-11-05 02:12:07.099911,467,446,21,95.50321199143468,Desktop,14,0.672291639224941,Non-Working Hours
EMP018,2024-11-02 13:20:07.099911,291,249,42,85.56701030927834,Laptop,8,0.951615353351072,Core Working Hours
EMP012,2024-11-23 20:12:07.099911,260,215,45,82.6923076923077,Laptop,16,0.7138932437740687,Non-Working Hours
EMP020,2024-11-14 21:12:07.099911,150,138,12,92.0,"Laptop, Desktop",18,0.8329450061269693,Non-Working Hours
EMP011,2024-11-15 17:52:07.099911,266,159,107,59.77443609022557,"Laptop, Tablet",16,0.9974835962476212,Flexible Working Hours
EMP006,2024-11-22 09:00:07.099911,330,302,28,91.51515151515152,Tablet,19,0.5372555475018337,Core Working Hours
EMP009,2024-11-10 12:05:07.099911,222,210,12,94.5945945945946,"Mobile, Desktop",7,0.7692996133741015,Non-Working Hours
EMP017,2024-11-11 16:04:07.099911,363,265,98,73.00275482093664,"Mobile, Desktop",1,0.559172975609212,Core Working Hours
EMP011,2024-11-01 14:27:07.099911,233,220,13,94.4206008583691,"Desktop, Tablet",2,0.5777105120862698,Core Working Hours
EMP005,2024-11-23 23:58:07.099911,191,152,39,79.58115183246073,Mobile,16,0.5732884179855904,Non-Working Hours
EMP012,2024-11-11 07:26:07.099911,147,132,15,89.79591836734694,Tablet,9,0.8417524869305781,Flexible Working Hours
EMP005,2024-11-22 06:25:07.099911,194,121,73,62.37113402061856,Desktop,13,0.6846072396718854,Flexible Working Hours
EMP019,2024-11-23 20:52:07.099911,396,290,106,73.23232323232324,Laptop,10,0.8047871284370686,Non-Working Hours
EMP001,2024-11-11 06:51:07.099911,471,355,116,75.3715498938429,"Tablet, Mobile",18,0.905873322279382,Flexible Working Hours
EMP008,2024-11-02 23:56:07.099911,469,391,78,83.36886993603412,"Tablet, Mobile",19,0.7488797666092126,Non-Working Hours
EMP009,2024-11-07 22:56:07.099911,444,303,141,68.24324324324324,Desktop,8,0.8576657153309999,Non-Working Hours
EMP003,2024-11-01 10:20:07.099911,132,118,14,89.39393939393939,"Desktop, Laptop",19,0.8431521995058509,Core Working Hours
EMP018,2024-11-03 19:57:07.099911,445,410,35,92.13483146067416,"Laptop, Mobile",6,0.7205870510378766,Flexible Working Hours
EMP015,2024-11-03 01:44:07.099911,393,286,107,72.7735368956743,"Tablet, Mobile",3,0.750140870193145,Non-Working Hours
EMP011,2024-11-08 10:11:07.099911,331,254,77,76.73716012084593,"Laptop, Tablet",8,0.7247053957634824,Core Working Hours
EMP002,2024-11-23 23:46:07.099911,228,153,75,67.10526315789474,"Laptop, Desktop",10,0.8480026361638344,Non-Working Hours
EMP005,2024-11-09 03:38:07.099911,164,120,44,73.17073170731707,"Desktop, Laptop",6,0.5847744516463312,Non-Working Hours
EMP002,2024-11-12 03:49:07.099911,197,144,53,73.09644670050761,Tablet,12,0.6090604013277825,Non-Working Hours
EMP020,2024-11-13 19:57:07.099911,120,83,37,69.16666666666667,Desktop,2,0.6748611770985222,Flexible Working Hours
EMP019,2024-11-17 14:32:07.099911,416,306,110,73.5576923076923,"Desktop, Laptop",8,0.9012347003175486,Core Working Hours
EMP008,2024-11-14 14:59:07.099911,357,231,126,64.70588235294117,"Laptop, Tablet",2,0.995308928288797,Core Working Hours
EMP001,2024-11-11 10:42:07.099911,93,61,32,65.59139784946237,"Tablet, Mobile",15,0.7717608570650262,Core Working Hours
EMP001,2024-11-11 02:19:07.099911,245,183,62,74.6938775510204,Laptop,15,0.5160386543246349,Non-Working Hours
EMP010,2024-11-07 06:09:07.099911,40,26,14,65.0,Laptop,19,0.8263239177381623,Flexible Working Hours
EMP007,2024-11-05 10:33:07.099911,159,121,38,76.10062893081762,Mobile,15,0.9749126425638884,Core Working Hours
EMP007,2024-11-04 18:14:07.099911,454,366,88,80.61674008810573,"Laptop, Desktop",4,0.7878715630231795,Flexible Working Hours
EMP001,2024-11-29 02:34:07.099911,374,291,83,77.80748663101605,"Mobile, Desktop",7,0.7997557961051099,Non-Working Hours
EMP016,2024-11-04 22:52:07.099911,395,287,108,72.65822784810126,Desktop,5,0.995236758463373,Non-Working Hours
EMP017,2024-11-08 06:19:07.099911,199,120,79,60.30150753768844,Desktop,9,0.8390478377253132,Flexible Working Hours
EMP020,2024-11-25 06:55:07.099911,464,420,44,90.51724137931036,Tablet,7,0.739353722062688,Flexible Working Hours
EMP013,2024-11-16 20:13:07.099911,172,136,36,79.06976744186046,Mobile,16,0.7999786205880784,Non-Working Hours
EMP007,2024-11-08 19:49:07.099911,35,21,14,60.0,Mobile,9,0.7672964537250653,Flexible Working Hours
EMP019,2024-11-10 18:18:07.099911,285,199,86,69.82456140350877,Laptop,13,0.8047489605152547,Flexible Working Hours
EMP007,2024-11-12 19:18:07.099911,79,54,25,68.35443037974683,"Tablet, Laptop",11,0.5313698681433682,Flexible Working Hours
EMP008,2024-11-05 04:49:07.099911,346,247,99,71.38728323699422,Desktop,19,0.8739596400826493,Non-Working Hours
EMP017,2024-11-16 02:19:07.099911,362,255,107,70.44198895027624,Tablet,7,0.5957195558251109,Non-Working Hours
EMP012,2024-11-05 18:01:07.099911,380,271,109,71.3157894736842,"Tablet, Mobile",5,0.8953023467255516,Flexible Working Hours
EMP014,2024-11-19 21:17:07.099911,312,187,125,59.93589743589743,"Mobile, Laptop",9,0.8883712915100164,Non-Working Hours
EMP015,2024-11-06 16:47:07.099911,15,12,3,80.0,Mobile,9,0.6051849114829021,Core Working Hours
EMP003,2024-11-15 11:35:07.099911,243,214,29,88.06584362139918,Tablet,4,0.8944106191377372,Core Working Hours
EMP006,2024-11-01 03:49:07.099911,68,46,22,67.64705882352942,Desktop,13,0.9153036000564342,Non-Working Hours
EMP005,2024-11-04 01:55:07.099911,354,248,106,70.05649717514125,Mobile,17,0.7398941265946839,Non-Working Hours
EMP002,2024-11-24 06:21:07.099911,332,311,21,93.67469879518072,"Mobile, Desktop",13,0.670148812182029,Flexible Working Hours
EMP009,2024-11-22 03:53:07.099911,397,387,10,97.48110831234256,Tablet,8,0.853392102501854,Non-Working Hours
EMP009,2024-11-09 03:28:07.099911,424,309,115,72.87735849056604,"Laptop, Desktop",11,0.9090168614525764,Non-Working Hours
EMP008,2024-11-04 12:34:07.099911,124,110,14,88.70967741935483,"Mobile, Tablet",8,0.9442332692665656,Non-Working Hours
EMP014,2024-11-13 18:52:07.099911,391,388,3,99.23273657289002,Mobile,17,0.5314627847013752,Flexible Working Hours
EMP008,2024-11-14 15:46:07.099911,187,149,38,79.67914438502673,"Mobile, Tablet",17,0.6049552733347929,Core Working Hours
EMP003,2024-11-28 09:28:07.099911,315,193,122,61.26984126984127,"Mobile, Tablet",5,0.5455549238556532,Core Working Hours
EMP019,2024-11-05 10:46:07.099911,241,210,31,87.13692946058092,"Mobile, Laptop",14,0.8070995910468912,Core Working Hours
EMP002,2024-11-20 18:01:07.099911,469,289,180,61.62046908315565,Desktop,3,0.809574412289271,Flexible Working Hours
EMP006,2024-11-11 12:54:07.099911,409,287,122,70.17114914425427,Mobile,12,0.5403062863720982,Non-Working Hours
EMP006,2024-11-07 04:29:07.099911,455,278,177,61.0989010989011,"Tablet, Mobile",17,0.5491845252254091,Non-Working Hours
EMP015,2024-11-25 08:41:07.099911,271,234,37,86.34686346863468,"Mobile, Laptop",9,0.7815559658712896,Flexible Working Hours
EMP013,2024-11-12 00:01:07.099911,19,13,6,68.42105263157895,"Tablet, Laptop",14,0.6002007146167339,Non-Working Hours
EMP014,2024-11-16 13:40:07.099911,95,66,29,69.47368421052632,"Tablet, Laptop",1,0.5290852043024775,Core Working Hours
EMP010,2024-11-30 09:31:07.099911,240,152,88,63.33333333333333,Laptop,18,0.5674949724583804,Core Working Hours
EMP003,2024-11-11 15:06:07.099911,448,313,135,69.86607142857143,Mobile,10,0.5549529234435142,Core Working Hours
EMP012,2024-11-16 11:55:07.099911,28,25,3,89.28571428571429,"Mobile, Tablet",3,0.6590136599921195,Core Working Hours
EMP011,2024-11-18 03:58:07.099911,138,122,16,88.40579710144928,Mobile,13,0.943475995822351,Non-Working Hours
EMP004,2024-11-18 06:16:07.099911,269,216,53,80.29739776951673,"Tablet, Laptop",13,0.801903143167144,Flexible Working Hours
EMP004,2024-11-21 14:00:07.099911,191,140,51,73.29842931937172,"Mobile, Laptop",15,0.7960298702887283,Core Working Hours
EMP008,2024-11-30 12:11:07.099911,425,285,140,67.05882352941175,"Tablet, Laptop",16,0.6479380478363052,Non-Working Hours
EMP017,2024-11-17 21:52:07.099911,202,146,56,72.27722772277228,"Tablet, Mobile",5,0.5289250836512845,Non-Working Hours
EMP005,2024-11-05 18:03:07.099911,225,214,11,95.11111111111111,"Desktop, Tablet",17,0.9508974570240164,Flexible Working Hours
EMP019,2024-11-04 15:26:07.099911,112,89,23,79.46428571428571,Laptop,3,0.5654162359972685,Core Working Hours
EMP019,2024-11-28 05:43:07.099911,397,261,136,65.74307304785894,"Desktop, Laptop",9,0.856810705614446,Non-Working Hours
EMP017,2024-11-08 16:15:07.099911,160,109,51,68.125,"Mobile, Tablet",11,0.6292719902770278,Core Working Hours
EMP010,2024-11-06 22:12:07.099911,89,78,11,87.64044943820225,"Desktop, Tablet",3,0.690754948775617,Non-Working Hours
EMP015,2024-11-08 16:12:07.099911,69,44,25,63.76811594202898,Tablet,1,0.9816651977140424,Core Working Hours
EMP016,2024-11-25 20:39:07.099911,59,45,14,76.27118644067797,Laptop,19,0.5667044881789864,Non-Working Hours
EMP005,2024-11-16 11:41:07.099911,75,47,28,62.66666666666667,"Laptop, Mobile",5,0.5387959197421615,Core Working Hours
EMP012,2024-11-29 09:31:07.099911,339,338,1,99.70501474926252,Desktop,5,0.9394606795025388,Core Working Hours
EMP015,2024-11-16 14:46:07.099911,188,115,73,61.17021276595744,"Desktop, Tablet",14,0.8913617046225852,Core Working Hours
EMP007,2024-11-03 22:58:07.099911,285,225,60,78.94736842105263,Laptop,4,0.594065617847666,Non-Working Hours
EMP010,2024-11-25 15:18:07.099911,169,105,64,62.1301775147929,"Tablet, Mobile",4,0.7724716033415221,Core Working Hours
EMP002,2024-11-18 03:35:07.099911,130,113,17,86.92307692307692,Laptop,1,0.9993725819018792,Non-Working Hours
EMP002,2024-11-05 08:15:07.099911,41,38,3,92.6829268292683,Tablet,1,0.8065983964171289,Flexible Working Hours
EMP004,2024-11-08 11:36:07.099911,442,427,15,96.60633484162896,Desktop,6,0.8008032691384145,Core Working Hours
EMP011,2024-11-23 14:42:07.099911,95,75,20,78.94736842105263,"Mobile, Tablet",5,0.7221697455551271,Core Working Hours
EMP002,2024-11-22 13:05:07.099911,231,153,78,66.23376623376623,Laptop,1,0.7828064155811483,Core Working Hours
EMP003,2024-11-19 08:55:07.099911,133,101,32,75.93984962406014,Tablet,1,0.5891665677481999,Flexible Working Hours
EMP015,2024-11-10 17:56:07.099911,356,335,21,94.10112359550564,"Tablet, Laptop",19,0.8469767536752162,Flexible Working Hours
EMP008,2024-11-24 05:02:07.099911,249,193,56,77.51004016064257,Mobile,7,0.8207973341780685,Non-Working Hours
EMP016,2024-11-14 12:14:07.099911,291,190,101,65.29209621993127,Tablet,13,0.634621619939854,Non-Working Hours
EMP004,2024-11-05 20:47:07.099911,104,76,28,73.07692307692307,"Mobile, Laptop",4,0.6026958616046518,Non-Working Hours
EMP014,2024-11-11 13:49:07.099911,224,215,9,95.98214285714286,"Mobile, Laptop",11,0.8942765455808137,Core Working Hours
EMP002,2024-11-13 18:01:07.099911,52,39,13,75.0,"Mobile, Laptop",6,0.7205923515747412,Flexible Working Hours
EMP003,2024-11-23 17:06:07.099911,110,100,10,90.9090909090909,Mobile,13,0.8731727783985066,Flexible Working Hours
EMP018,2024-11-14 19:17:07.099911,88,79,9,89.77272727272727,Tablet,8,0.8359698436682624,Flexible Working Hours
EMP013,2024-11-02 03:57:07.099911,366,219,147,59.83606557377049,Desktop,11,0.6748429585097634,Non-Working Hours
EMP020,2024-11-25 06:29:07.099911,300,291,9,97.0,Tablet,2,0.5669771865469504,Flexible Working Hours
EMP010,2024-11-10 07:11:07.099911,396,302,94,76.26262626262627,"Desktop, Mobile",7,0.9175825693000592,Flexible Working Hours
EMP015,2024-11-27 13:05:07.099911,399,362,37,90.72681704260653,Mobile,18,0.5550689800693024,Core Working Hours
EMP010,2024-11-18 21:59:07.099911,460,360,100,78.26086956521739,Tablet,17,0.6653224063776637,Non-Working Hours
EMP007,2024-11-05 19:38:07.099911,212,186,26,87.73584905660378,Tablet,11,0.9416198599620712,Flexible Working Hours
EMP009,2024-11-19 10:50:07.099911,362,339,23,93.646408839779,Tablet,16,0.8345440774366311,Core Working Hours
EMP007,2024-11-11 18:44:07.099911,123,102,21,82.92682926829268,"Tablet, Laptop",2,0.7693790321327882,Flexible Working Hours
EMP020,2024-11-28 10:17:07.099911,354,243,111,68.64406779661016,"Laptop, Tablet",4,0.959107448604542,Core Working Hours
EMP014,2024-11-05 12:14:07.099911,365,356,9,97.53424657534246,"Laptop, Tablet",17,0.9746626259124636,Non-Working Hours
EMP009,2024-11-15 21:53:07.099911,420,410,10,97.61904761904762,Desktop,9,0.7020643311590218,Non-Working Hours
EMP015,2024-11-23 04:11:07.099911,184,129,55,70.1086956521739,"Laptop, Desktop",1,0.9580666337293462,Non-Working Hours
EMP001,2024-11-04 18:50:07.099911,274,243,31,88.6861313868613,"Mobile, Laptop",16,0.7327026642683101,Flexible Working Hours
EMP007,2024-11-08 03:02:07.099911,300,233,67,77.66666666666666,"Tablet, Laptop",18,0.6109407142774957,Non-Working Hours
EMP017,2024-11-06 11:04:07.099911,301,197,104,65.4485049833887,Tablet,10,0.6689620029886887,Core Working Hours
EMP017,2024-11-14 09:21:07.099911,56,50,6,89.28571428571429,"Mobile, Desktop",10,0.5073601579973932,Core Working Hours
EMP013,2024-11-08 22:59:07.099911,328,322,6,98.17073170731707,Desktop,4,0.6022729852923057,Non-Working Hours
EMP020,2024-11-14 16:06:07.099911,183,136,47,74.31693989071039,"Desktop, Tablet",16,0.5431726208550043,Core Working Hours
EMP006,2024-11-11 05:05:07.099911,69,54,15,78.26086956521739,Tablet,15,0.6134878448888796,Non-Working Hours
EMP019,2024-11-06 00:13:07.099911,398,388,10,97.48743718592964,Mobile,5,0.7898296552271968,Non-Working Hours
EMP001,2024-11-09 03:07:07.099911,363,252,111,69.42148760330579,"Tablet, Mobile",9,0.915055592081384,Non-Working Hours
EMP007,2024-11-27 02:34:07.099911,107,80,27,74.76635514018692,Laptop,19,0.7603367789481088,Non-Working Hours
EMP007,2024-11-10 13:52:07.099911,98,62,36,63.26530612244898,"Desktop, Tablet",11,0.7060846688432989,Core Working Hours
EMP012,2024-11-20 02:07:07.099911,160,125,35,78.125,"Laptop, Mobile",5,0.5103252519739949,Non-Working Hours
EMP002,2024-11-26 19:41:07.099911,455,414,41,90.989010989011,Mobile,6,0.5771892168363908,Flexible Working Hours
EMP008,2024-11-22 01:12:07.099911,216,183,33,84.72222222222221,"Tablet, Mobile",1,0.8125328166526922,Non-Working Hours
EMP010,2024-11-05 23:03:07.099911,17,13,4,76.47058823529412,Laptop,10,0.7092580460849609,Non-Working Hours
EMP011,2024-11-12 20:42:07.099911,266,217,49,81.57894736842105,"Mobile, Tablet",17,0.9873544239123891,Non-Working Hours
EMP009,2024-11-29 10:53:07.099911,353,296,57,83.85269121813032,Mobile,6,0.9042451619075766,Core Working Hours
EMP005,2024-11-08 11:18:07.099911,176,170,6,96.5909090909091,"Mobile, Laptop",4,0.7374012213758273,Core Working Hours
EMP001,2024-11-28 13:40:07.099911,346,255,91,73.69942196531792,Mobile,9,0.6396069293451898,Core Working Hours
EMP001,2024-11-10 19:00:07.099911,65,58,7,89.23076923076924,"Laptop, Tablet",10,0.591842650608529,Flexible Working Hours
EMP007,2024-11-28 11:05:07.099911,21,12,9,57.14285714285714,"Desktop, Mobile",3,0.8545677828123706,Core Working Hours
EMP015,2024-11-27 17:41:07.099911,366,315,51,86.0655737704918,Desktop,15,0.8341552658655403,Flexible Working Hours
EMP006,2024-11-22 02:05:07.099911,268,180,88,67.16417910447761,"Laptop, Tablet",8,0.6614453410215928,Non-Working Hours
EMP018,2024-11-01 10:05:07.099911,321,245,76,76.32398753894081,Mobile,3,0.5549893621487184,Core Working Hours
EMP009,2024-11-12 02:32:07.099911,219,156,63,71.23287671232876,Tablet,13,0.7874264270137252,Non-Working Hours
EMP009,2024-10-31 20:50:07.099911,276,181,95,65.57971014492753,"Laptop, Tablet",7,0.6376297324475833,Non-Working Hours
EMP006,2024-11-22 01:42:07.099911,197,180,17,91.37055837563452,"Laptop, Desktop",17,0.520176653463776,Non-Working Hours
EMP017,2024-11-12 05:42:07.099911,194,149,45,76.80412371134021,"Tablet, Laptop",10,0.5881404007128639,Non-Working Hours
EMP018,2024-11-07 04:56:07.099911,297,218,79,73.4006734006734,"Mobile, Tablet",3,0.5089411964861903,Non-Working Hours
EMP015,2024-11-21 11:20:07.099911,75,49,26,65.33333333333333,Desktop,2,0.6749281850141535,Core Working Hours
EMP018,2024-11-04 01:23:07.099911,112,83,29,74.10714285714286,"Tablet, Laptop",10,0.903462958440394,Non-Working Hours
EMP014,2024-11-04 10:38:07.099911,272,191,81,70.22058823529412,"Desktop, Mobile",12,0.6505260688281486,Core Working Hours
EMP002,2024-10-31 20:42:07.099911,216,131,85,60.64814814814815,Desktop,15,0.7818753201684919,Non-Working Hours
EMP003,2024-11-03 01:50:07.099911,343,325,18,94.75218658892128,"Tablet, Mobile",8,0.918082756647443,Non-Working Hours
EMP003,2024-11-02 09:22:07.099911,454,425,29,93.6123348017621,Tablet,8,0.85757935408066,Core Working Hours
EMP017,2024-10-31 20:44:07.099911,229,183,46,79.91266375545851,Desktop,19,0.6370917584427865,Non-Working Hours
EMP019,2024-11-08 20:35:07.099911,116,91,25,78.44827586206897,Laptop,3,0.7670414516594086,Non-Working Hours
EMP001,2024-11-16 06:05:07.099911,114,78,36,68.42105263157895,"Laptop, Tablet",12,0.8619152045219638,Flexible Working Hours
EMP020,2024-11-29 11:50:07.099911,82,77,5,93.90243902439023,Laptop,13,0.7008179906029393,Core Working Hours
EMP001,2024-11-13 21:50:07.099911,275,206,69,74.90909090909092,Desktop,13,0.6066893029225988,Non-Working Hours
EMP009,2024-11-26 12:50:07.099911,46,44,2,95.65217391304348,"Tablet, Mobile",5,0.5486044390455174,Non-Working Hours
EMP016,2024-11-08 20:57:07.099911,40,28,12,70.0,"Laptop, Desktop",18,0.7498436466891082,Non-Working Hours
EMP019,2024-11-10 18:10:07.099911,439,425,14,96.81093394077448,Laptop,6,0.846373538406697,Flexible Working Hours
EMP017,2024-11-11 19:01:07.099911,228,150,78,65.78947368421053,"Tablet, Desktop",8,0.5458191423994653,Flexible Working Hours
EMP006,2024-11-21 23:31:07.099911,169,145,24,85.79881656804734,"Tablet, Laptop",4,0.8631877344463106,Non-Working Hours
EMP001,2024-11-18 08:54:07.099911,352,336,16,95.45454545454544,Mobile,7,0.9574659776237514,Flexible Working Hours
EMP002,2024-11-17 03:15:07.099911,175,107,68,61.142857142857146,"Mobile, Laptop",11,0.935632046692182,Non-Working Hours
EMP013,2024-11-06 05:11:07.099911,292,268,24,91.78082191780824,"Desktop, Tablet",5,0.9590918853746828,Non-Working Hours
EMP002,2024-11-04 15:38:07.099911,403,308,95,76.42679900744417,"Desktop, Tablet",14,0.6958655308734758,Core Working Hours
EMP004,2024-11-20 20:59:07.099911,186,183,3,98.38709677419357,Mobile,19,0.5889929739656707,Non-Working Hours
EMP020,2024-11-28 20:05:07.099911,194,182,12,93.81443298969072,"Tablet, Laptop",6,0.9477139841582024,Non-Working Hours
EMP020,2024-11-27 14:36:07.099911,412,288,124,69.90291262135922,Mobile,19,0.8438544059580239,Core Working Hours
EMP007,2024-11-10 12:26:07.099911,92,84,8,91.30434782608695,Mobile,17,0.6135599046893403,Non-Working Hours
EMP009,2024-11-14 17:49:07.099911,470,449,21,95.531914893617,Mobile,17,0.9370148003676888,Flexible Working Hours
EMP016,2024-11-26 19:33:07.099911,172,146,26,84.88372093023256,Mobile,8,0.8999028897372632,Flexible Working Hours
EMP018,2024-11-23 00:35:07.099911,476,301,175,63.23529411764706,"Desktop, Laptop",15,0.7211062219001574,Non-Working Hours
EMP016,2024-11-30 04:23:07.099911,208,125,83,60.09615384615385,Laptop,13,0.961498390101888,Non-Working Hours
EMP010,2024-11-21 09:48:07.099911,245,237,8,96.73469387755102,"Desktop, Mobile",9,0.8448360712060081,Core Working Hours
EMP007,2024-11-10 19:01:07.099911,311,276,35,88.7459807073955,"Tablet, Desktop",17,0.7181107215092823,Flexible Working Hours
EMP015,2024-11-28 20:56:07.099911,233,189,44,81.11587982832617,"Laptop, Tablet",8,0.8137263865376868,Non-Working Hours
EMP019,2024-11-14 07:08:07.099911,357,338,19,94.67787114845936,"Laptop, Desktop",6,0.8102920301127203,Flexible Working Hours
EMP005,2024-11-23 22:34:07.099911,394,342,52,86.80203045685279,"Desktop, Laptop",16,0.9368330348115624,Non-Working Hours
EMP017,2024-11-08 04:05:07.099911,376,315,61,83.77659574468085,"Tablet, Desktop",2,0.7662450631674393,Non-Working Hours
EMP017,2024-11-25 08:10:07.099911,448,334,114,74.55357142857143,"Desktop, Laptop",2,0.750597984249178,Flexible Working Hours
EMP016,2024-11-16 20:12:07.099911,133,96,37,72.18045112781954,Desktop,19,0.5416363366155551,Non-Working Hours
EMP006,2024-11-19 18:22:07.099911,438,406,32,92.69406392694064,Desktop,4,0.5451629849379351,Flexible Working Hours
EMP014,2024-11-13 05:06:07.099911,344,293,51,85.17441860465115,"Tablet, Desktop",16,0.8775605544404776,Non-Working Hours
EMP001,2024-11-14 13:36:07.099911,33,22,11,66.66666666666666,"Mobile, Tablet",9,0.6085406366923977,Core Working Hours
EMP008,2024-11-05 22:43:07.099911,342,265,77,77.48538011695906,Tablet,2,0.7163620922710974,Non-Working Hours
EMP018,2024-11-29 18:08:07.099911,70,61,9,87.14285714285714,Laptop,11,0.6393826303488622,Flexible Working Hours
EMP020,2024-11-01 08:24:07.099911,339,287,52,84.66076696165192,"Tablet, Mobile",7,0.5433890145999576,Flexible Working Hours
EMP001,2024-11-19 16:34:07.099911,289,247,42,85.46712802768167,Laptop,11,0.8891780644393323,Core Working Hours
EMP020,2024-11-13 17:16:07.099911,217,134,83,61.75115207373272,Desktop,4,0.9654405567875493,Flexible Working Hours
EMP003,2024-11-14 07:04:07.099911,299,247,52,82.6086956521739,Mobile,16,0.8838624316767256,Flexible Working Hours
EMP006,2024-11-11 16:28:07.099911,300,247,53,82.33333333333334,"Laptop, Mobile",12,0.8203767742963204,Core Working Hours
EMP020,2024-11-27 22:45:07.099911,91,64,27,70.32967032967034,Mobile,15,0.7665831974224212,Non-Working Hours
EMP006,2024-11-23 19:49:07.099911,182,176,6,96.7032967032967,"Mobile, Tablet",8,0.8059831284356951,Flexible Working Hours
EMP012,2024-11-24 20:37:07.099911,77,47,30,61.03896103896104,Mobile,17,0.7776462076151269,Non-Working Hours
EMP009,2024-11-16 07:11:07.099911,145,110,35,75.86206896551724,Laptop,17,0.955252518544314,Flexible Working Hours
EMP010,2024-11-18 16:32:07.099911,105,84,21,80.0,Laptop,14,0.7029076454372059,Core Working Hours
EMP011,2024-10-31 21:43:07.099911,187,164,23,87.70053475935828,Mobile,10,0.6923168482979773,Non-Working Hours
EMP016,2024-11-25 13:02:07.099911,142,99,43,69.71830985915493,"Desktop, Tablet",2,0.6221121706160391,Core Working Hours
EMP003,2024-11-22 22:56:07.099911,281,234,47,83.27402135231317,Mobile,15,0.7169489161058569,Non-Working Hours
EMP016,2024-11-11 22:10:07.099911,349,242,107,69.34097421203438,"Laptop, Mobile",2,0.7104985298942187,Non-Working Hours
EMP019,2024-11-24 06:44:07.099911,247,199,48,80.5668016194332,"Tablet, Mobile",6,0.9569810238229316,Flexible Working Hours
EMP009,2024-11-29 01:41:07.099911,405,376,29,92.8395061728395,Laptop,8,0.5383344419814811,Non-Working Hours
EMP001,2024-11-07 15:59:07.099911,169,124,45,73.37278106508876,Laptop,1,0.5834330082468442,Core Working Hours
EMP001,2024-11-27 09:31:07.099911,479,367,112,76.61795407098121,Mobile,10,0.5344790667681716,Core Working Hours
EMP001,2024-11-07 06:05:07.099911,366,243,123,66.39344262295081,Laptop,10,0.7519001677599904,Flexible Working Hours
EMP012,2024-11-18 23:47:07.099911,183,110,73,60.10928961748634,Mobile,8,0.576947593693407,Non-Working Hours
EMP007,2024-11-14 09:06:07.099911,462,353,109,76.40692640692642,Desktop,8,0.5815343822686158,Core Working Hours
EMP006,2024-11-04 16:59:07.099911,114,73,41,64.03508771929825,Desktop,14,0.991675729980582,Core Working Hours
EMP009,2024-11-20 04:19:07.099911,441,304,137,68.93424036281179,Mobile,3,0.8098717273516465,Non-Working Hours
EMP007,2024-11-11 00:49:07.099911,51,47,4,92.15686274509804,Mobile,16,0.5009816819779696,Non-Working Hours
EMP014,2024-11-18 19:36:07.099911,141,111,30,78.72340425531915,Laptop,8,0.8969383796661421,Flexible Working Hours
EMP005,2024-11-14 03:26:07.099911,478,425,53,88.91213389121339,Laptop,12,0.8305495843695926,Non-Working Hours
EMP001,2024-11-10 21:58:07.099911,101,97,4,96.03960396039604,Desktop,6,0.9238062702313844,Non-Working Hours
EMP018,2024-11-06 11:22:07.099911,471,313,158,66.45435244161358,Tablet,12,0.8817867020645445,Core Working Hours
EMP008,2024-11-26 09:38:07.099911,260,259,1,99.6153846153846,Laptop,14,0.5194765692240748,Core Working Hours
EMP012,2024-11-10 01:46:07.099911,141,105,36,74.46808510638297,"Tablet, Mobile",19,0.8174216687365834,Non-Working Hours
EMP016,2024-11-25 19:45:07.099911,436,281,155,64.44954128440367,Tablet,13,0.7587026982153466,Flexible Working Hours
EMP018,2024-11-21 10:49:07.099911,207,194,13,93.71980676328504,"Mobile, Tablet",4,0.886683314087412,Core Working Hours
EMP019,2024-11-06 18:13:07.099911,397,377,20,94.96221662468514,Laptop,10,0.6368878739734957,Flexible Working Hours
EMP011,2024-11-15 10:39:07.099911,468,352,116,75.21367521367522,Desktop,4,0.5848864891438916,Core Working Hours
EMP020,2024-11-17 12:40:07.099911,287,241,46,83.97212543554006,"Mobile, Tablet",10,0.963755088608122,Non-Working Hours
EMP011,2024-11-16 01:38:07.099911,376,240,136,63.82978723404256,Mobile,6,0.7445960285755219,Non-Working Hours
EMP001,2024-11-15 12:54:07.099911,157,152,5,96.81528662420382,Laptop,11,0.655228027631972,Non-Working Hours
EMP011,2024-11-19 09:00:07.099911,326,218,108,66.87116564417178,Desktop,14,0.8296554772943435,Core Working Hours
EMP013,2024-11-10 08:50:07.099911,239,200,39,83.68200836820083,"Mobile, Laptop",8,0.8332160795563994,Flexible Working Hours
EMP006,2024-11-11 20:02:07.099911,273,250,23,91.57509157509158,Mobile,17,0.5618980752948122,Non-Working Hours
EMP014,2024-11-02 15:41:07.099911,387,268,119,69.25064599483204,Mobile,19,0.5000774384328153,Core Working Hours
EMP009,2024-11-03 02:20:07.099911,409,343,66,83.86308068459658,"Mobile, Laptop",2,0.6806821942261592,Non-Working Hours
EMP007,2024-11-14 16:29:07.099911,407,339,68,83.29238329238329,Laptop,9,0.7871975130411464,Core Working Hours
EMP003,2024-11-01 15:04:07.099911,431,391,40,90.71925754060324,Laptop,19,0.543211132256939,Core Working Hours
EMP013,2024-11-27 15:15:07.099911,23,18,5,78.26086956521739,"Laptop, Mobile",14,0.7369825650900723,Core Working Hours
EMP017,2024-11-11 13:30:07.099911,66,43,23,65.15151515151516,Tablet,1,0.8054655068198064,Core Working Hours
EMP015,2024-11-26 14:29:07.099911,20,16,4,80.0,"Desktop, Tablet",16,0.5925781200997936,Core Working Hours
EMP001,2024-11-08 19:32:07.099911,431,378,53,87.70301624129931,Laptop,1,0.5263599089304731,Flexible Working Hours
EMP010,2024-11-26 08:42:07.099911,327,313,14,95.71865443425077,"Tablet, Laptop",10,0.9188003035259396,Flexible Working Hours
EMP010,2024-11-20 03:44:07.099911,382,346,36,90.57591623036647,Laptop,4,0.9906343546918712,Non-Working Hours
EMP012,2024-11-20 14:55:07.099911,285,266,19,93.33333333333331,"Laptop, Desktop",2,0.9789733407406408,Core Working Hours
EMP006,2024-11-08 17:36:07.099911,206,141,65,68.44660194174757,"Laptop, Desktop",12,0.5182482682636002,Flexible Working Hours
EMP009,2024-11-01 16:00:07.099911,122,85,37,69.67213114754098,Desktop,3,0.6839320960728419,Core Working Hours
EMP011,2024-11-13 10:00:07.099911,297,264,33,88.88888888888889,Tablet,4,0.9268637965727196,Core Working Hours
EMP016,2024-11-13 12:27:07.099911,179,169,10,94.41340782122904,Laptop,2,0.8440727989190229,Non-Working Hours
EMP017,2024-11-28 13:30:07.099911,360,353,7,98.05555555555556,Laptop,1,0.7605494518234484,Core Working Hours
EMP011,2024-11-14 16:13:07.099911,394,382,12,96.95431472081218,"Desktop, Tablet",4,0.6730118623900913,Core Working Hours
EMP006,2024-11-04 18:56:07.099911,27,20,7,74.07407407407408,"Tablet, Laptop",19,0.5019753988397326,Flexible Working Hours
EMP017,2024-11-25 23:08:07.099911,260,182,78,70.0,Tablet,5,0.7029565682703953,Non-Working Hours
EMP015,2024-11-03 21:36:07.099911,442,359,83,81.22171945701358,"Tablet, Mobile",8,0.7870133594166461,Non-Working Hours
