timestamp,x,y,click
2024-11-30 16:41:07.076016,966,742,False
2024-11-30 16:41:08.076016,839,731,True
2024-11-30 16:41:09.076016,239,883,False
2024-11-30 16:41:10.076016,545,896,False
2024-11-30 16:41:11.076016,1128,154,False
2024-11-30 16:41:12.076016,543,908,False
2024-11-30 16:41:13.076016,998,999,False
2024-11-30 16:41:14.076016,1606,361,False
2024-11-30 16:41:15.076016,248,452,False
2024-11-30 16:41:16.076016,289,571,False
2024-11-30 16:41:17.076016,1432,143,False
2024-11-30 16:41:18.076016,1220,14,False
2024-11-30 16:41:19.076016,137,501,True
2024-11-30 16:41:20.076016,1025,114,False
2024-11-30 16:41:21.076016,994,922,False
2024-11-30 16:41:22.076016,1555,688,True
2024-11-30 16:41:23.076016,1758,889,False
2024-11-30 16:41:24.076016,669,1043,False
2024-11-30 16:41:25.076016,1571,769,False
2024-11-30 16:41:26.076016,1860,918,False
2024-11-30 16:41:27.076016,442,765,False
2024-11-30 16:41:28.076016,1331,693,False
2024-11-30 16:41:29.076016,798,730,True
2024-11-30 16:41:30.076016,1284,994,False
2024-11-30 16:41:31.076016,698,110,False
2024-11-30 16:41:32.076016,1387,78,False
2024-11-30 16:41:33.076016,128,797,False
2024-11-30 16:41:34.076016,34,912,False
2024-11-30 16:41:35.076016,947,754,False
2024-11-30 16:41:36.076016,923,858,False
2024-11-30 16:41:37.076016,1410,691,False
2024-11-30 16:41:38.076016,736,183,False
2024-11-30 16:41:39.076016,768,759,False
2024-11-30 16:41:40.076016,1797,960,False
2024-11-30 16:41:41.076016,1266,1006,False
2024-11-30 16:41:42.076016,76,612,False
2024-11-30 16:41:43.076016,1864,913,False
2024-11-30 16:41:44.076016,831,803,False
2024-11-30 16:41:45.076016,220,232,True
2024-11-30 16:41:46.076016,1698,62,False
2024-11-30 16:41:47.076016,489,897,False
2024-11-30 16:41:48.076016,938,931,False
2024-11-30 16:41:49.076016,912,893,False
2024-11-30 16:41:50.076016,1880,325,False
2024-11-30 16:41:51.076016,1098,1050,False
2024-11-30 16:41:52.076016,1593,231,False
2024-11-30 16:41:53.076016,689,929,False
2024-11-30 16:41:54.076016,1536,247,False
2024-11-30 16:41:55.076016,445,851,False
2024-11-30 16:41:56.076016,1490,904,True
2024-11-30 16:41:57.076016,343,856,False
2024-11-30 16:41:58.076016,437,285,False
2024-11-30 16:41:59.076016,1506,534,True
2024-11-30 16:42:00.076016,871,507,False
2024-11-30 16:42:01.076016,1565,82,False
2024-11-30 16:42:02.076016,483,687,False
2024-11-30 16:42:03.076016,1423,620,False
2024-11-30 16:42:04.076016,849,969,False
2024-11-30 16:42:05.076016,855,27,False
2024-11-30 16:42:06.076016,1452,191,False
2024-11-30 16:42:07.076016,330,551,False
2024-11-30 16:42:08.076016,373,298,False
2024-11-30 16:42:09.076016,1121,80,False
2024-11-30 16:42:10.076016,1052,1022,False
2024-11-30 16:42:11.076016,808,137,False
2024-11-30 16:42:12.076016,157,192,False
2024-11-30 16:42:13.076016,1380,798,False
2024-11-30 16:42:14.076016,647,465,False
2024-11-30 16:42:15.076016,1274,378,False
2024-11-30 16:42:16.076016,679,937,False
2024-11-30 16:42:17.076016,868,375,False
2024-11-30 16:42:18.076016,984,596,False
2024-11-30 16:42:19.076016,597,465,False
2024-11-30 16:42:20.076016,457,178,False
2024-11-30 16:42:21.076016,324,994,False
2024-11-30 16:42:22.076016,1291,438,False
2024-11-30 16:42:23.076016,572,444,True
2024-11-30 16:42:24.076016,238,245,False
2024-11-30 16:42:25.076016,791,899,False
2024-11-30 16:42:26.076016,1832,738,False
2024-11-30 16:42:27.076016,687,360,False
2024-11-30 16:42:28.076016,1374,717,False
2024-11-30 16:42:29.076016,340,491,False
2024-11-30 16:42:30.076016,1400,163,False
2024-11-30 16:42:31.076016,602,826,False
2024-11-30 16:42:32.076016,587,498,False
2024-11-30 16:42:33.076016,549,881,False
2024-11-30 16:42:34.076016,1576,814,False
2024-11-30 16:42:35.076016,753,8,False
2024-11-30 16:42:36.076016,34,58,False
2024-11-30 16:42:37.076016,1767,132,False
2024-11-30 16:42:38.076016,828,738,False
2024-11-30 16:42:39.076016,867,690,False
2024-11-30 16:42:40.076016,1805,73,False
2024-11-30 16:42:41.076016,420,631,False
2024-11-30 16:42:42.076016,1566,484,False
2024-11-30 16:42:43.076016,582,713,False
2024-11-30 16:42:44.076016,1223,753,False
2024-11-30 16:42:45.076016,821,1029,False
2024-11-30 16:42:46.076016,398,487,False
2024-11-30 16:42:47.076016,117,371,False
2024-11-30 16:42:48.076016,877,879,False
2024-11-30 16:42:49.076016,327,63,False
2024-11-30 16:42:50.076016,424,113,False
2024-11-30 16:42:51.076016,779,301,False
2024-11-30 16:42:52.076016,348,565,False
2024-11-30 16:42:53.076016,1115,605,False
2024-11-30 16:42:54.076016,756,360,False
2024-11-30 16:42:55.076016,507,627,False
2024-11-30 16:42:56.076016,1756,340,False
2024-11-30 16:42:57.076016,1543,904,False
2024-11-30 16:42:58.076016,60,606,False
2024-11-30 16:42:59.076016,1641,851,False
2024-11-30 16:43:00.076016,729,620,False
2024-11-30 16:43:01.076016,932,449,False
2024-11-30 16:43:02.076016,1246,840,True
2024-11-30 16:43:03.076016,709,209,False
2024-11-30 16:43:04.076016,1125,850,False
2024-11-30 16:43:05.076016,1464,267,False
2024-11-30 16:43:06.076016,753,107,False
2024-11-30 16:43:07.076016,657,818,False
2024-11-30 16:43:08.076016,698,692,False
2024-11-30 16:43:09.076016,251,207,False
2024-11-30 16:43:10.076016,1002,609,False
2024-11-30 16:43:11.076016,335,385,True
2024-11-30 16:43:12.076016,1439,702,False
2024-11-30 16:43:13.076016,1451,404,False
2024-11-30 16:43:14.076016,1644,996,False
2024-11-30 16:43:15.076016,830,105,False
2024-11-30 16:43:16.076016,916,743,False
2024-11-30 16:43:17.076016,1789,567,False
2024-11-30 16:43:18.076016,1432,779,False
2024-11-30 16:43:19.076016,569,146,False
2024-11-30 16:43:20.076016,1252,932,False
2024-11-30 16:43:21.076016,666,305,False
2024-11-30 16:43:22.076016,71,8,False
2024-11-30 16:43:23.076016,1172,778,False
2024-11-30 16:43:24.076016,1153,572,False
2024-11-30 16:43:25.076016,37,803,True
2024-11-30 16:43:26.076016,910,900,False
2024-11-30 16:43:27.076016,280,767,False
2024-11-30 16:43:28.076016,896,1039,False
2024-11-30 16:43:29.076016,65,699,False
2024-11-30 16:43:30.076016,1174,66,False
2024-11-30 16:43:31.076016,1103,875,False
2024-11-30 16:43:32.076016,606,646,False
2024-11-30 16:43:33.076016,690,845,False
2024-11-30 16:43:34.076016,1480,375,False
2024-11-30 16:43:35.076016,189,618,False
2024-11-30 16:43:36.076016,20,672,False
2024-11-30 16:43:37.076016,927,283,False
2024-11-30 16:43:38.076016,1412,301,True
2024-11-30 16:43:39.076016,146,576,False
2024-11-30 16:43:40.076016,1817,289,False
2024-11-30 16:43:41.076016,554,411,False
2024-11-30 16:43:42.076016,151,802,False
2024-11-30 16:43:43.076016,884,359,False
2024-11-30 16:43:44.076016,1526,147,False
2024-11-30 16:43:45.076016,723,224,False
2024-11-30 16:43:46.076016,596,855,False
2024-11-30 16:43:47.076016,658,307,False
2024-11-30 16:43:48.076016,55,739,False
2024-11-30 16:43:49.076016,375,917,False
2024-11-30 16:43:50.076016,1281,28,False
2024-11-30 16:43:51.076016,1281,812,False
2024-11-30 16:43:52.076016,539,693,False
2024-11-30 16:43:53.076016,1684,907,False
2024-11-30 16:43:54.076016,160,744,False
2024-11-30 16:43:55.076016,181,1057,False
2024-11-30 16:43:56.076016,698,283,False
2024-11-30 16:43:57.076016,888,874,True
2024-11-30 16:43:58.076016,1654,572,False
2024-11-30 16:43:59.076016,768,250,False
2024-11-30 16:44:00.076016,1116,904,False
2024-11-30 16:44:01.076016,1836,475,False
2024-11-30 16:44:02.076016,610,157,False
2024-11-30 16:44:03.076016,444,364,False
2024-11-30 16:44:04.076016,303,449,False
2024-11-30 16:44:05.076016,441,934,False
2024-11-30 16:44:06.076016,602,536,False
2024-11-30 16:44:07.076016,545,1028,False
2024-11-30 16:44:08.076016,420,807,False
2024-11-30 16:44:09.076016,429,783,True
2024-11-30 16:44:10.076016,433,932,False
2024-11-30 16:44:11.076016,196,569,False
2024-11-30 16:44:12.076016,1632,336,False
2024-11-30 16:44:13.076016,1482,501,False
2024-11-30 16:44:14.076016,783,265,False
2024-11-30 16:44:15.076016,1217,543,False
2024-11-30 16:44:16.076016,141,524,False
2024-11-30 16:44:17.076016,1470,835,False
2024-11-30 16:44:18.076016,11,926,False
2024-11-30 16:44:19.076016,1776,227,False
2024-11-30 16:44:20.076016,154,771,False
2024-11-30 16:44:21.076016,1437,246,False
2024-11-30 16:44:22.076016,1214,155,True
2024-11-30 16:44:23.076016,1407,348,False
2024-11-30 16:44:24.076016,244,761,False
2024-11-30 16:44:25.076016,1723,359,False
2024-11-30 16:44:26.076016,1903,499,False
2024-11-30 16:44:27.076016,239,674,False
2024-11-30 16:44:28.076016,1309,382,False
2024-11-30 16:44:29.076016,1111,657,False
2024-11-30 16:44:30.076016,334,657,False
2024-11-30 16:44:31.076016,1383,271,False
2024-11-30 16:44:32.076016,1256,77,False
2024-11-30 16:44:33.076016,1400,6,False
2024-11-30 16:44:34.076016,760,463,False
2024-11-30 16:44:35.076016,1558,1034,False
2024-11-30 16:44:36.076016,1727,724,False
2024-11-30 16:44:37.076016,825,284,False
2024-11-30 16:44:38.076016,1277,1001,False
2024-11-30 16:44:39.076016,524,397,False
2024-11-30 16:44:40.076016,587,946,False
2024-11-30 16:44:41.076016,998,921,False
2024-11-30 16:44:42.076016,839,414,False
2024-11-30 16:44:43.076016,755,680,False
2024-11-30 16:44:44.076016,1017,527,True
2024-11-30 16:44:45.076016,758,837,False
2024-11-30 16:44:46.076016,1302,346,False
2024-11-30 16:44:47.076016,1154,768,True
2024-11-30 16:44:48.076016,1624,234,False
2024-11-30 16:44:49.076016,314,122,False
2024-11-30 16:44:50.076016,1454,1066,False
2024-11-30 16:44:51.076016,379,121,False
2024-11-30 16:44:52.076016,33,597,False
2024-11-30 16:44:53.076016,465,42,False
2024-11-30 16:44:54.076016,708,336,True
2024-11-30 16:44:55.076016,927,740,False
2024-11-30 16:44:56.076016,1290,168,False
2024-11-30 16:44:57.076016,1320,558,False
2024-11-30 16:44:58.076016,1706,718,False
2024-11-30 16:44:59.076016,633,403,False
2024-11-30 16:45:00.076016,1457,0,False
2024-11-30 16:45:01.076016,1444,915,True
2024-11-30 16:45:02.076016,383,491,False
2024-11-30 16:45:03.076016,1229,5,False
2024-11-30 16:45:04.076016,855,184,False
2024-11-30 16:45:05.076016,790,694,False
2024-11-30 16:45:06.076016,1331,1066,False
2024-11-30 16:45:07.076016,339,937,False
2024-11-30 16:45:08.076016,830,436,False
2024-11-30 16:45:09.076016,467,676,False
2024-11-30 16:45:10.076016,1722,275,False
2024-11-30 16:45:11.076016,1359,58,False
2024-11-30 16:45:12.076016,670,389,True
2024-11-30 16:45:13.076016,1265,270,False
2024-11-30 16:45:14.076016,80,401,False
2024-11-30 16:45:15.076016,663,931,False
2024-11-30 16:45:16.076016,1304,967,True
2024-11-30 16:45:17.076016,601,201,False
2024-11-30 16:45:18.076016,1294,435,False
2024-11-30 16:45:19.076016,1129,752,False
2024-11-30 16:45:20.076016,266,952,False
2024-11-30 16:45:21.076016,242,682,False
2024-11-30 16:45:22.076016,859,928,False
2024-11-30 16:45:23.076016,1810,661,False
2024-11-30 16:45:24.076016,1538,346,False
2024-11-30 16:45:25.076016,829,470,False
2024-11-30 16:45:26.076016,142,41,False
2024-11-30 16:45:27.076016,81,910,False
2024-11-30 16:45:28.076016,1005,985,False
2024-11-30 16:45:29.076016,787,372,False
2024-11-30 16:45:30.076016,1718,1068,False
2024-11-30 16:45:31.076016,1313,649,False
2024-11-30 16:45:32.076016,1735,598,False
2024-11-30 16:45:33.076016,889,1069,False
2024-11-30 16:45:34.076016,1557,390,False
2024-11-30 16:45:35.076016,1186,889,True
2024-11-30 16:45:36.076016,18,144,False
2024-11-30 16:45:37.076016,1162,496,False
2024-11-30 16:45:38.076016,611,893,False
2024-11-30 16:45:39.076016,1530,807,False
2024-11-30 16:45:40.076016,704,697,False
2024-11-30 16:45:41.076016,782,130,False
2024-11-30 16:45:42.076016,770,636,False
2024-11-30 16:45:43.076016,33,156,False
2024-11-30 16:45:44.076016,831,523,False
2024-11-30 16:45:45.076016,246,889,True
2024-11-30 16:45:46.076016,108,260,False
2024-11-30 16:45:47.076016,861,593,False
2024-11-30 16:45:48.076016,1914,717,True
2024-11-30 16:45:49.076016,1266,594,False
2024-11-30 16:45:50.076016,1075,527,False
2024-11-30 16:45:51.076016,1917,29,False
2024-11-30 16:45:52.076016,1294,424,False
2024-11-30 16:45:53.076016,611,76,False
2024-11-30 16:45:54.076016,705,438,True
2024-11-30 16:45:55.076016,899,311,False
2024-11-30 16:45:56.076016,744,75,False
2024-11-30 16:45:57.076016,1908,784,False
2024-11-30 16:45:58.076016,615,424,False
2024-11-30 16:45:59.076016,247,475,False
2024-11-30 16:46:00.076016,1636,486,False
2024-11-30 16:46:01.076016,32,220,False
2024-11-30 16:46:02.076016,519,470,False
2024-11-30 16:46:03.076016,1548,826,False
2024-11-30 16:46:04.076016,1915,587,False
2024-11-30 16:46:05.076016,1378,763,False
2024-11-30 16:46:06.076016,861,720,False
2024-11-30 16:46:07.076016,1704,826,False
2024-11-30 16:46:08.076016,1397,261,False
2024-11-30 16:46:09.076016,1220,656,False
2024-11-30 16:46:10.076016,345,610,False
2024-11-30 16:46:11.076016,646,690,True
2024-11-30 16:46:12.076016,538,351,False
2024-11-30 16:46:13.076016,1372,505,True
2024-11-30 16:46:14.076016,1073,733,True
2024-11-30 16:46:15.076016,238,693,False
2024-11-30 16:46:16.076016,1066,655,False
2024-11-30 16:46:17.076016,507,626,False
2024-11-30 16:46:18.076016,482,713,False
2024-11-30 16:46:19.076016,586,1031,False
2024-11-30 16:46:20.076016,1854,968,False
2024-11-30 16:46:21.076016,53,730,False
2024-11-30 16:46:22.076016,1258,327,False
2024-11-30 16:46:23.076016,1288,802,False
2024-11-30 16:46:24.076016,114,888,False
2024-11-30 16:46:25.076016,717,26,False
2024-11-30 16:46:26.076016,1320,1027,False
2024-11-30 16:46:27.076016,722,75,False
2024-11-30 16:46:28.076016,1293,806,False
2024-11-30 16:46:29.076016,1275,427,False
2024-11-30 16:46:30.076016,365,664,False
2024-11-30 16:46:31.076016,990,496,False
2024-11-30 16:46:32.076016,189,611,False
2024-11-30 16:46:33.076016,574,497,False
2024-11-30 16:46:34.076016,1695,826,False
2024-11-30 16:46:35.076016,1735,1017,True
2024-11-30 16:46:36.076016,1194,550,False
2024-11-30 16:46:37.076016,677,468,False
2024-11-30 16:46:38.076016,370,697,False
2024-11-30 16:46:39.076016,1681,989,False
2024-11-30 16:46:40.076016,973,654,False
2024-11-30 16:46:41.076016,827,720,False
2024-11-30 16:46:42.076016,1318,735,False
2024-11-30 16:46:43.076016,449,879,True
2024-11-30 16:46:44.076016,556,1054,False
2024-11-30 16:46:45.076016,1913,760,False
2024-11-30 16:46:46.076016,110,1065,False
2024-11-30 16:46:47.076016,437,845,False
2024-11-30 16:46:48.076016,642,513,False
2024-11-30 16:46:49.076016,1634,210,False
2024-11-30 16:46:50.076016,47,1046,False
2024-11-30 16:46:51.076016,1273,258,False
2024-11-30 16:46:52.076016,1471,396,False
2024-11-30 16:46:53.076016,1392,770,False
2024-11-30 16:46:54.076016,356,333,False
2024-11-30 16:46:55.076016,1540,276,False
2024-11-30 16:46:56.076016,1501,970,False
2024-11-30 16:46:57.076016,1495,753,False
2024-11-30 16:46:58.076016,1288,997,False
2024-11-30 16:46:59.076016,1134,295,False
2024-11-30 16:47:00.076016,830,48,False
2024-11-30 16:47:01.076016,1232,780,False
2024-11-30 16:47:02.076016,1296,596,False
2024-11-30 16:47:03.076016,521,278,False
2024-11-30 16:47:04.076016,735,92,False
2024-11-30 16:47:05.076016,1085,526,False
2024-11-30 16:47:06.076016,1132,255,False
2024-11-30 16:47:07.076016,760,576,False
2024-11-30 16:47:08.076016,436,703,True
2024-11-30 16:47:09.076016,1283,439,False
2024-11-30 16:47:10.076016,1819,842,True
2024-11-30 16:47:11.076016,786,178,False
2024-11-30 16:47:12.076016,1875,391,False
2024-11-30 16:47:13.076016,658,1007,False
2024-11-30 16:47:14.076016,1112,578,False
2024-11-30 16:47:15.076016,730,599,False
2024-11-30 16:47:16.076016,1406,1045,False
2024-11-30 16:47:17.076016,1718,564,False
2024-11-30 16:47:18.076016,1675,150,False
2024-11-30 16:47:19.076016,702,149,False
2024-11-30 16:47:20.076016,884,583,False
2024-11-30 16:47:21.076016,639,449,False
2024-11-30 16:47:22.076016,599,584,False
2024-11-30 16:47:23.076016,1654,892,False
2024-11-30 16:47:24.076016,1018,596,False
2024-11-30 16:47:25.076016,192,208,True
2024-11-30 16:47:26.076016,1685,655,False
2024-11-30 16:47:27.076016,627,279,False
2024-11-30 16:47:28.076016,1265,243,False
2024-11-30 16:47:29.076016,1067,571,False
2024-11-30 16:47:30.076016,1211,739,False
2024-11-30 16:47:31.076016,877,223,False
2024-11-30 16:47:32.076016,495,729,False
2024-11-30 16:47:33.076016,1077,946,False
2024-11-30 16:47:34.076016,837,975,True
2024-11-30 16:47:35.076016,1236,824,False
2024-11-30 16:47:36.076016,937,481,False
2024-11-30 16:47:37.076016,529,348,False
2024-11-30 16:47:38.076016,123,934,False
2024-11-30 16:47:39.076016,1891,283,False
2024-11-30 16:47:40.076016,1284,581,False
2024-11-30 16:47:41.076016,1827,709,False
2024-11-30 16:47:42.076016,1911,786,False
2024-11-30 16:47:43.076016,1035,343,False
2024-11-30 16:47:44.076016,1112,63,True
2024-11-30 16:47:45.076016,768,95,False
2024-11-30 16:47:46.076016,1149,30,False
2024-11-30 16:47:47.076016,1050,699,False
2024-11-30 16:47:48.076016,1420,857,False
2024-11-30 16:47:49.076016,1777,690,False
2024-11-30 16:47:50.076016,509,832,False
2024-11-30 16:47:51.076016,182,605,False
2024-11-30 16:47:52.076016,66,1044,False
2024-11-30 16:47:53.076016,972,1029,False
2024-11-30 16:47:54.076016,265,803,False
2024-11-30 16:47:55.076016,886,517,False
2024-11-30 16:47:56.076016,393,835,True
2024-11-30 16:47:57.076016,376,370,False
2024-11-30 16:47:58.076016,1126,152,False
2024-11-30 16:47:59.076016,1414,1052,False
2024-11-30 16:48:00.076016,234,674,False
2024-11-30 16:48:01.076016,605,285,False
2024-11-30 16:48:02.076016,986,128,False
2024-11-30 16:48:03.076016,1543,740,False
2024-11-30 16:48:04.076016,532,388,False
2024-11-30 16:48:05.076016,1269,89,False
2024-11-30 16:48:06.076016,1355,896,True
2024-11-30 16:48:07.076016,103,469,False
2024-11-30 16:48:08.076016,1121,699,True
2024-11-30 16:48:09.076016,640,280,False
2024-11-30 16:48:10.076016,416,1032,False
2024-11-30 16:48:11.076016,1190,715,False
2024-11-30 16:48:12.076016,1069,828,False
2024-11-30 16:48:13.076016,1807,33,False
2024-11-30 16:48:14.076016,1531,330,False
2024-11-30 16:48:15.076016,946,787,False
2024-11-30 16:48:16.076016,1343,22,False
2024-11-30 16:48:17.076016,1353,741,False
2024-11-30 16:48:18.076016,441,980,False
2024-11-30 16:48:19.076016,659,413,False
2024-11-30 16:48:20.076016,366,117,False
2024-11-30 16:48:21.076016,1550,629,False
2024-11-30 16:48:22.076016,1425,953,False
2024-11-30 16:48:23.076016,974,622,False
2024-11-30 16:48:24.076016,642,820,False
2024-11-30 16:48:25.076016,1281,477,False
2024-11-30 16:48:26.076016,348,427,True
2024-11-30 16:48:27.076016,1711,404,False
2024-11-30 16:48:28.076016,210,210,False
2024-11-30 16:48:29.076016,889,975,True
2024-11-30 16:48:30.076016,886,758,False
2024-11-30 16:48:31.076016,1373,67,False
2024-11-30 16:48:32.076016,1127,862,False
2024-11-30 16:48:33.076016,150,699,False
2024-11-30 16:48:34.076016,69,851,False
2024-11-30 16:48:35.076016,1740,196,False
2024-11-30 16:48:36.076016,1203,127,True
2024-11-30 16:48:37.076016,685,713,False
2024-11-30 16:48:38.076016,259,677,False
2024-11-30 16:48:39.076016,1888,741,False
2024-11-30 16:48:40.076016,992,402,False
2024-11-30 16:48:41.076016,1435,558,False
2024-11-30 16:48:42.076016,1808,37,True
2024-11-30 16:48:43.076016,1404,265,False
2024-11-30 16:48:44.076016,487,601,False
2024-11-30 16:48:45.076016,1602,381,False
2024-11-30 16:48:46.076016,1107,231,False
2024-11-30 16:48:47.076016,629,1073,False
2024-11-30 16:48:48.076016,1356,531,False
2024-11-30 16:48:49.076016,366,397,False
2024-11-30 16:48:50.076016,759,417,True
2024-11-30 16:48:51.076016,536,379,False
2024-11-30 16:48:52.076016,1204,692,True
2024-11-30 16:48:53.076016,739,903,False
2024-11-30 16:48:54.076016,1470,1050,True
2024-11-30 16:48:55.076016,1180,729,False
2024-11-30 16:48:56.076016,476,999,True
2024-11-30 16:48:57.076016,1428,108,False
2024-11-30 16:48:58.076016,450,699,False
2024-11-30 16:48:59.076016,1710,330,False
2024-11-30 16:49:00.076016,678,798,False
2024-11-30 16:49:01.076016,489,929,True
2024-11-30 16:49:02.076016,1335,384,False
2024-11-30 16:49:03.076016,471,334,False
2024-11-30 16:49:04.076016,226,461,False
2024-11-30 16:49:05.076016,865,988,False
2024-11-30 16:49:06.076016,678,220,False
2024-11-30 16:49:07.076016,704,285,False
2024-11-30 16:49:08.076016,891,666,False
2024-11-30 16:49:09.076016,942,1049,False
2024-11-30 16:49:10.076016,208,124,False
2024-11-30 16:49:11.076016,1790,94,False
2024-11-30 16:49:12.076016,391,1005,False
2024-11-30 16:49:13.076016,561,75,False
2024-11-30 16:49:14.076016,1794,793,False
2024-11-30 16:49:15.076016,1790,799,False
2024-11-30 16:49:16.076016,1564,734,False
2024-11-30 16:49:17.076016,135,1064,True
2024-11-30 16:49:18.076016,1004,557,False
2024-11-30 16:49:19.076016,1647,700,False
2024-11-30 16:49:20.076016,10,859,False
2024-11-30 16:49:21.076016,1793,383,False
2024-11-30 16:49:22.076016,400,468,False
2024-11-30 16:49:23.076016,1573,910,False
2024-11-30 16:49:24.076016,683,700,False
2024-11-30 16:49:25.076016,1687,140,False
2024-11-30 16:49:26.076016,1201,223,False
2024-11-30 16:49:27.076016,887,689,False
2024-11-30 16:49:28.076016,216,68,False
2024-11-30 16:49:29.076016,1197,214,False
2024-11-30 16:49:30.076016,1615,389,False
2024-11-30 16:49:31.076016,744,894,False
2024-11-30 16:49:32.076016,578,528,True
2024-11-30 16:49:33.076016,730,889,True
2024-11-30 16:49:34.076016,341,1073,False
2024-11-30 16:49:35.076016,1067,447,False
2024-11-30 16:49:36.076016,1830,202,False
2024-11-30 16:49:37.076016,1897,541,True
2024-11-30 16:49:38.076016,1665,904,False
2024-11-30 16:49:39.076016,1422,293,False
2024-11-30 16:49:40.076016,1749,896,False
2024-11-30 16:49:41.076016,382,446,True
2024-11-30 16:49:42.076016,297,1068,False
2024-11-30 16:49:43.076016,535,988,False
2024-11-30 16:49:44.076016,1758,617,False
2024-11-30 16:49:45.076016,1546,383,False
2024-11-30 16:49:46.076016,97,642,False
2024-11-30 16:49:47.076016,1102,311,False
2024-11-30 16:49:48.076016,1910,338,False
2024-11-30 16:49:49.076016,1265,43,False
2024-11-30 16:49:50.076016,971,720,False
2024-11-30 16:49:51.076016,132,226,False
2024-11-30 16:49:52.076016,961,254,False
2024-11-30 16:49:53.076016,1129,69,False
2024-11-30 16:49:54.076016,1384,441,True
2024-11-30 16:49:55.076016,1813,1078,False
2024-11-30 16:49:56.076016,1841,939,False
2024-11-30 16:49:57.076016,1859,884,False
2024-11-30 16:49:58.076016,475,457,True
2024-11-30 16:49:59.076016,1591,619,False
2024-11-30 16:50:00.076016,1529,296,False
2024-11-30 16:50:01.076016,1751,593,False
2024-11-30 16:50:02.076016,462,774,False
2024-11-30 16:50:03.076016,1862,211,False
2024-11-30 16:50:04.076016,919,237,True
2024-11-30 16:50:05.076016,67,578,False
2024-11-30 16:50:06.076016,1059,504,False
2024-11-30 16:50:07.076016,1770,585,False
2024-11-30 16:50:08.076016,289,470,False
2024-11-30 16:50:09.076016,862,1066,False
2024-11-30 16:50:10.076016,1502,852,False
2024-11-30 16:50:11.076016,1020,373,False
2024-11-30 16:50:12.076016,1453,190,False
2024-11-30 16:50:13.076016,188,790,False
2024-11-30 16:50:14.076016,1638,857,False
2024-11-30 16:50:15.076016,1097,439,False
2024-11-30 16:50:16.076016,1305,891,False
2024-11-30 16:50:17.076016,1786,704,False
2024-11-30 16:50:18.076016,724,54,False
2024-11-30 16:50:19.076016,149,881,False
2024-11-30 16:50:20.076016,792,973,False
2024-11-30 16:50:21.076016,1817,481,False
2024-11-30 16:50:22.076016,828,590,False
2024-11-30 16:50:23.076016,635,76,False
2024-11-30 16:50:24.076016,1457,116,False
2024-11-30 16:50:25.076016,62,264,False
2024-11-30 16:50:26.076016,485,244,False
2024-11-30 16:50:27.076016,390,419,False
2024-11-30 16:50:28.076016,1718,576,True
2024-11-30 16:50:29.076016,609,17,False
2024-11-30 16:50:30.076016,1326,200,False
2024-11-30 16:50:31.076016,658,588,False
2024-11-30 16:50:32.076016,285,66,False
2024-11-30 16:50:33.076016,255,390,False
2024-11-30 16:50:34.076016,749,744,False
2024-11-30 16:50:35.076016,241,356,False
2024-11-30 16:50:36.076016,1664,100,False
2024-11-30 16:50:37.076016,580,198,True
2024-11-30 16:50:38.076016,870,57,True
2024-11-30 16:50:39.076016,1219,453,True
2024-11-30 16:50:40.076016,358,694,False
2024-11-30 16:50:41.076016,1580,800,False
2024-11-30 16:50:42.076016,82,1061,False
2024-11-30 16:50:43.076016,360,622,False
2024-11-30 16:50:44.076016,630,651,False
2024-11-30 16:50:45.076016,1293,854,False
2024-11-30 16:50:46.076016,249,201,False
2024-11-30 16:50:47.076016,1366,166,False
2024-11-30 16:50:48.076016,110,816,False
2024-11-30 16:50:49.076016,220,65,False
2024-11-30 16:50:50.076016,707,508,False
2024-11-30 16:50:51.076016,453,738,False
2024-11-30 16:50:52.076016,1564,519,False
2024-11-30 16:50:53.076016,671,307,False
2024-11-30 16:50:54.076016,1267,90,False
2024-11-30 16:50:55.076016,1808,996,False
2024-11-30 16:50:56.076016,1213,452,False
2024-11-30 16:50:57.076016,999,686,False
2024-11-30 16:50:58.076016,631,393,False
2024-11-30 16:50:59.076016,978,169,False
2024-11-30 16:51:00.076016,285,732,False
2024-11-30 16:51:01.076016,837,878,False
2024-11-30 16:51:02.076016,119,96,False
2024-11-30 16:51:03.076016,1151,30,False
2024-11-30 16:51:04.076016,1224,747,False
2024-11-30 16:51:05.076016,1448,227,False
2024-11-30 16:51:06.076016,258,547,False
2024-11-30 16:51:07.076016,1532,951,False
2024-11-30 16:51:08.076016,570,584,False
2024-11-30 16:51:09.076016,1158,857,False
2024-11-30 16:51:10.076016,1622,749,False
2024-11-30 16:51:11.076016,49,244,False
2024-11-30 16:51:12.076016,1382,756,False
2024-11-30 16:51:13.076016,1711,654,False
2024-11-30 16:51:14.076016,1254,161,False
2024-11-30 16:51:15.076016,248,453,True
2024-11-30 16:51:16.076016,1561,310,False
2024-11-30 16:51:17.076016,830,140,False
2024-11-30 16:51:18.076016,1574,582,False
2024-11-30 16:51:19.076016,303,611,False
2024-11-30 16:51:20.076016,1677,990,False
2024-11-30 16:51:21.076016,955,648,False
2024-11-30 16:51:22.076016,879,650,False
2024-11-30 16:51:23.076016,563,566,False
2024-11-30 16:51:24.076016,615,805,False
2024-11-30 16:51:25.076016,782,559,False
2024-11-30 16:51:26.076016,394,896,False
2024-11-30 16:51:27.076016,396,1050,True
2024-11-30 16:51:28.076016,338,454,False
2024-11-30 16:51:29.076016,543,993,False
2024-11-30 16:51:30.076016,447,579,True
2024-11-30 16:51:31.076016,1196,707,False
2024-11-30 16:51:32.076016,774,675,False
2024-11-30 16:51:33.076016,1811,422,False
2024-11-30 16:51:34.076016,1693,874,False
2024-11-30 16:51:35.076016,731,80,False
2024-11-30 16:51:36.076016,1301,529,False
2024-11-30 16:51:37.076016,1156,881,False
2024-11-30 16:51:38.076016,1426,963,False
2024-11-30 16:51:39.076016,904,166,False
2024-11-30 16:51:40.076016,119,1031,False
2024-11-30 16:51:41.076016,1502,844,False
2024-11-30 16:51:42.076016,1873,315,False
2024-11-30 16:51:43.076016,291,970,False
2024-11-30 16:51:44.076016,989,732,False
2024-11-30 16:51:45.076016,1494,215,False
2024-11-30 16:51:46.076016,1700,402,False
2024-11-30 16:51:47.076016,962,836,False
2024-11-30 16:51:48.076016,246,807,False
2024-11-30 16:51:49.076016,1201,71,False
2024-11-30 16:51:50.076016,1114,604,False
2024-11-30 16:51:51.076016,1814,1007,False
2024-11-30 16:51:52.076016,952,1054,False
2024-11-30 16:51:53.076016,621,1078,False
2024-11-30 16:51:54.076016,46,1018,False
2024-11-30 16:51:55.076016,494,150,False
2024-11-30 16:51:56.076016,1332,669,False
2024-11-30 16:51:57.076016,119,106,False
2024-11-30 16:51:58.076016,475,192,False
2024-11-30 16:51:59.076016,691,140,False
2024-11-30 16:52:00.076016,1100,656,True
2024-11-30 16:52:01.076016,1750,804,False
2024-11-30 16:52:02.076016,539,254,False
2024-11-30 16:52:03.076016,1888,1023,False
2024-11-30 16:52:04.076016,734,11,False
2024-11-30 16:52:05.076016,972,585,False
2024-11-30 16:52:06.076016,1514,739,False
2024-11-30 16:52:07.076016,1777,693,False
2024-11-30 16:52:08.076016,1405,44,False
2024-11-30 16:52:09.076016,1062,14,False
2024-11-30 16:52:10.076016,628,529,False
2024-11-30 16:52:11.076016,696,848,False
2024-11-30 16:52:12.076016,423,349,False
2024-11-30 16:52:13.076016,73,196,False
2024-11-30 16:52:14.076016,1293,513,False
2024-11-30 16:52:15.076016,1759,68,False
2024-11-30 16:52:16.076016,533,666,False
2024-11-30 16:52:17.076016,18,847,False
2024-11-30 16:52:18.076016,190,554,False
2024-11-30 16:52:19.076016,1803,890,False
2024-11-30 16:52:20.076016,419,297,False
2024-11-30 16:52:21.076016,1095,655,False
2024-11-30 16:52:22.076016,1023,734,False
2024-11-30 16:52:23.076016,209,0,False
2024-11-30 16:52:24.076016,387,476,False
2024-11-30 16:52:25.076016,1417,287,False
2024-11-30 16:52:26.076016,706,26,False
2024-11-30 16:52:27.076016,1773,1024,False
2024-11-30 16:52:28.076016,1611,60,False
2024-11-30 16:52:29.076016,782,875,False
2024-11-30 16:52:30.076016,1743,499,False
2024-11-30 16:52:31.076016,1756,539,True
2024-11-30 16:52:32.076016,857,383,False
2024-11-30 16:52:33.076016,1849,176,False
2024-11-30 16:52:34.076016,1007,873,False
2024-11-30 16:52:35.076016,1264,507,False
2024-11-30 16:52:36.076016,1767,836,False
2024-11-30 16:52:37.076016,1789,296,False
2024-11-30 16:52:38.076016,1137,840,False
2024-11-30 16:52:39.076016,185,27,True
2024-11-30 16:52:40.076016,171,1063,False
2024-11-30 16:52:41.076016,23,123,False
2024-11-30 16:52:42.076016,1310,390,False
2024-11-30 16:52:43.076016,767,108,False
2024-11-30 16:52:44.076016,521,428,False
2024-11-30 16:52:45.076016,310,761,True
2024-11-30 16:52:46.076016,14,662,False
2024-11-30 16:52:47.076016,1431,150,False
2024-11-30 16:52:48.076016,844,589,False
2024-11-30 16:52:49.076016,990,688,False
2024-11-30 16:52:50.076016,1246,179,False
2024-11-30 16:52:51.076016,806,183,False
2024-11-30 16:52:52.076016,1337,941,False
2024-11-30 16:52:53.076016,1094,700,False
2024-11-30 16:52:54.076016,1620,240,False
2024-11-30 16:52:55.076016,756,841,False
2024-11-30 16:52:56.076016,1589,683,False
2024-11-30 16:52:57.076016,893,500,True
2024-11-30 16:52:58.076016,1129,37,False
2024-11-30 16:52:59.076016,364,48,False
2024-11-30 16:53:00.076016,1836,955,False
2024-11-30 16:53:01.076016,1484,1053,False
2024-11-30 16:53:02.076016,747,851,True
2024-11-30 16:53:03.076016,797,157,True
2024-11-30 16:53:04.076016,1562,301,False
2024-11-30 16:53:05.076016,1906,91,False
2024-11-30 16:53:06.076016,1597,1006,False
2024-11-30 16:53:07.076016,760,748,False
2024-11-30 16:53:08.076016,287,510,True
2024-11-30 16:53:09.076016,1193,156,False
2024-11-30 16:53:10.076016,1633,1004,False
2024-11-30 16:53:11.076016,1881,346,False
2024-11-30 16:53:12.076016,1580,628,True
2024-11-30 16:53:13.076016,186,921,True
2024-11-30 16:53:14.076016,233,87,False
2024-11-30 16:53:15.076016,30,936,False
2024-11-30 16:53:16.076016,539,548,False
2024-11-30 16:53:17.076016,953,210,False
2024-11-30 16:53:18.076016,744,526,False
2024-11-30 16:53:19.076016,463,88,False
2024-11-30 16:53:20.076016,1664,86,False
2024-11-30 16:53:21.076016,974,948,False
2024-11-30 16:53:22.076016,1674,600,False
2024-11-30 16:53:23.076016,1054,13,False
2024-11-30 16:53:24.076016,897,687,False
2024-11-30 16:53:25.076016,1364,624,False
2024-11-30 16:53:26.076016,1610,394,False
2024-11-30 16:53:27.076016,1197,996,False
2024-11-30 16:53:28.076016,1912,608,True
2024-11-30 16:53:29.076016,712,997,False
2024-11-30 16:53:30.076016,1405,603,False
2024-11-30 16:53:31.076016,32,1024,True
2024-11-30 16:53:32.076016,350,361,False
2024-11-30 16:53:33.076016,1083,1059,False
2024-11-30 16:53:34.076016,688,396,False
2024-11-30 16:53:35.076016,51,465,True
2024-11-30 16:53:36.076016,1458,29,False
2024-11-30 16:53:37.076016,1002,496,False
2024-11-30 16:53:38.076016,1010,179,False
2024-11-30 16:53:39.076016,1004,81,False
2024-11-30 16:53:40.076016,841,0,False
2024-11-30 16:53:41.076016,1105,124,True
2024-11-30 16:53:42.076016,362,798,False
2024-11-30 16:53:43.076016,362,510,False
2024-11-30 16:53:44.076016,1160,1000,False
2024-11-30 16:53:45.076016,270,349,False
2024-11-30 16:53:46.076016,1527,1008,False
2024-11-30 16:53:47.076016,1588,200,False
2024-11-30 16:53:48.076016,698,157,True
2024-11-30 16:53:49.076016,142,270,False
2024-11-30 16:53:50.076016,342,2,False
2024-11-30 16:53:51.076016,277,1010,False
2024-11-30 16:53:52.076016,1885,753,False
2024-11-30 16:53:53.076016,409,511,False
2024-11-30 16:53:54.076016,1447,276,False
2024-11-30 16:53:55.076016,1687,842,False
2024-11-30 16:53:56.076016,791,242,False
2024-11-30 16:53:57.076016,323,616,False
2024-11-30 16:53:58.076016,715,689,False
2024-11-30 16:53:59.076016,1781,176,False
2024-11-30 16:54:00.076016,1744,566,False
2024-11-30 16:54:01.076016,1912,347,False
2024-11-30 16:54:02.076016,643,142,False
2024-11-30 16:54:03.076016,1340,163,False
2024-11-30 16:54:04.076016,496,527,False
2024-11-30 16:54:05.076016,327,260,False
2024-11-30 16:54:06.076016,1661,742,False
2024-11-30 16:54:07.076016,348,759,False
2024-11-30 16:54:08.076016,1189,126,False
2024-11-30 16:54:09.076016,1673,859,False
2024-11-30 16:54:10.076016,230,922,False
2024-11-30 16:54:11.076016,1288,130,False
2024-11-30 16:54:12.076016,834,747,False
2024-11-30 16:54:13.076016,558,703,False
2024-11-30 16:54:14.076016,854,824,False
2024-11-30 16:54:15.076016,92,114,False
2024-11-30 16:54:16.076016,1820,927,False
2024-11-30 16:54:17.076016,543,436,False
2024-11-30 16:54:18.076016,1001,513,False
2024-11-30 16:54:19.076016,110,179,False
2024-11-30 16:54:20.076016,1180,627,False
2024-11-30 16:54:21.076016,772,876,True
2024-11-30 16:54:22.076016,586,931,False
2024-11-30 16:54:23.076016,1595,921,True
2024-11-30 16:54:24.076016,1712,733,False
2024-11-30 16:54:25.076016,275,57,False
2024-11-30 16:54:26.076016,1670,998,True
2024-11-30 16:54:27.076016,630,539,False
2024-11-30 16:54:28.076016,1358,439,False
2024-11-30 16:54:29.076016,547,84,False
2024-11-30 16:54:30.076016,158,311,False
2024-11-30 16:54:31.076016,1351,675,False
2024-11-30 16:54:32.076016,1196,11,False
2024-11-30 16:54:33.076016,1237,319,False
2024-11-30 16:54:34.076016,53,920,False
2024-11-30 16:54:35.076016,1378,1023,False
2024-11-30 16:54:36.076016,1590,1006,False
2024-11-30 16:54:37.076016,477,72,False
2024-11-30 16:54:38.076016,503,829,False
2024-11-30 16:54:39.076016,1630,22,False
2024-11-30 16:54:40.076016,455,192,False
2024-11-30 16:54:41.076016,318,1038,False
2024-11-30 16:54:42.076016,793,594,False
2024-11-30 16:54:43.076016,449,56,False
2024-11-30 16:54:44.076016,1443,103,False
2024-11-30 16:54:45.076016,1534,467,False
2024-11-30 16:54:46.076016,695,695,False
2024-11-30 16:54:47.076016,268,380,False
2024-11-30 16:54:48.076016,166,445,False
2024-11-30 16:54:49.076016,260,986,False
2024-11-30 16:54:50.076016,12,376,False
2024-11-30 16:54:51.076016,1447,1035,False
2024-11-30 16:54:52.076016,1321,665,False
2024-11-30 16:54:53.076016,1711,234,False
2024-11-30 16:54:54.076016,1056,33,False
2024-11-30 16:54:55.076016,365,947,False
2024-11-30 16:54:56.076016,1847,1062,False
2024-11-30 16:54:57.076016,204,645,False
2024-11-30 16:54:58.076016,847,412,False
2024-11-30 16:54:59.076016,1639,452,False
2024-11-30 16:55:00.076016,429,124,False
2024-11-30 16:55:01.076016,773,137,True
2024-11-30 16:55:02.076016,344,70,False
2024-11-30 16:55:03.076016,432,693,False
2024-11-30 16:55:04.076016,957,161,False
2024-11-30 16:55:05.076016,522,115,False
2024-11-30 16:55:06.076016,402,1050,False
2024-11-30 16:55:07.076016,657,894,False
2024-11-30 16:55:08.076016,402,913,False
2024-11-30 16:55:09.076016,786,469,False
2024-11-30 16:55:10.076016,521,160,False
2024-11-30 16:55:11.076016,1835,583,False
2024-11-30 16:55:12.076016,1566,1072,False
2024-11-30 16:55:13.076016,1889,517,False
2024-11-30 16:55:14.076016,1190,329,False
2024-11-30 16:55:15.076016,1282,258,False
2024-11-30 16:55:16.076016,1010,729,False
2024-11-30 16:55:17.076016,753,1053,False
2024-11-30 16:55:18.076016,630,911,False
2024-11-30 16:55:19.076016,1476,651,False
2024-11-30 16:55:20.076016,1093,55,False
2024-11-30 16:55:21.076016,1093,688,False
2024-11-30 16:55:22.076016,901,805,False
2024-11-30 16:55:23.076016,199,792,True
2024-11-30 16:55:24.076016,1564,235,False
2024-11-30 16:55:25.076016,916,941,False
2024-11-30 16:55:26.076016,379,458,False
2024-11-30 16:55:27.076016,131,731,False
2024-11-30 16:55:28.076016,555,883,False
2024-11-30 16:55:29.076016,1105,327,True
2024-11-30 16:55:30.076016,1176,1043,False
2024-11-30 16:55:31.076016,456,1068,False
2024-11-30 16:55:32.076016,719,269,False
2024-11-30 16:55:33.076016,1623,335,False
2024-11-30 16:55:34.076016,1577,789,True
2024-11-30 16:55:35.076016,407,346,False
2024-11-30 16:55:36.076016,1753,994,False
2024-11-30 16:55:37.076016,704,20,False
2024-11-30 16:55:38.076016,1843,1051,False
2024-11-30 16:55:39.076016,1914,1054,True
2024-11-30 16:55:40.076016,188,587,False
2024-11-30 16:55:41.076016,778,1022,False
2024-11-30 16:55:42.076016,436,734,False
2024-11-30 16:55:43.076016,505,1010,False
2024-11-30 16:55:44.076016,294,770,False
2024-11-30 16:55:45.076016,1039,602,True
2024-11-30 16:55:46.076016,321,785,False
2024-11-30 16:55:47.076016,1696,85,False
2024-11-30 16:55:48.076016,679,940,False
2024-11-30 16:55:49.076016,1075,243,False
2024-11-30 16:55:50.076016,1585,555,False
2024-11-30 16:55:51.076016,155,686,False
2024-11-30 16:55:52.076016,185,772,True
2024-11-30 16:55:53.076016,904,1078,False
2024-11-30 16:55:54.076016,1520,299,False
2024-11-30 16:55:55.076016,327,652,False
2024-11-30 16:55:56.076016,1711,975,False
2024-11-30 16:55:57.076016,629,1058,True
2024-11-30 16:55:58.076016,1022,394,False
2024-11-30 16:55:59.076016,1547,958,False
2024-11-30 16:56:00.076016,1714,797,False
2024-11-30 16:56:01.076016,1476,1070,False
2024-11-30 16:56:02.076016,906,895,False
2024-11-30 16:56:03.076016,1142,1000,False
2024-11-30 16:56:04.076016,1420,48,False
2024-11-30 16:56:05.076016,1805,413,False
2024-11-30 16:56:06.076016,1117,699,False
2024-11-30 16:56:07.076016,38,484,False
2024-11-30 16:56:08.076016,1403,662,False
2024-11-30 16:56:09.076016,697,84,False
2024-11-30 16:56:10.076016,420,517,True
2024-11-30 16:56:11.076016,444,1004,True
2024-11-30 16:56:12.076016,131,401,False
2024-11-30 16:56:13.076016,836,738,False
2024-11-30 16:56:14.076016,1332,384,False
2024-11-30 16:56:15.076016,1857,1038,False
2024-11-30 16:56:16.076016,1880,209,True
2024-11-30 16:56:17.076016,189,383,False
2024-11-30 16:56:18.076016,85,108,False
2024-11-30 16:56:19.076016,954,707,False
2024-11-30 16:56:20.076016,179,566,False
2024-11-30 16:56:21.076016,1391,716,False
2024-11-30 16:56:22.076016,824,269,False
2024-11-30 16:56:23.076016,92,983,False
2024-11-30 16:56:24.076016,287,503,False
2024-11-30 16:56:25.076016,56,877,False
2024-11-30 16:56:26.076016,745,1037,False
2024-11-30 16:56:27.076016,321,960,False
2024-11-30 16:56:28.076016,1174,1078,False
2024-11-30 16:56:29.076016,1634,174,False
2024-11-30 16:56:30.076016,329,305,False
2024-11-30 16:56:31.076016,1107,390,False
2024-11-30 16:56:32.076016,1669,265,False
2024-11-30 16:56:33.076016,1886,983,False
2024-11-30 16:56:34.076016,752,297,False
2024-11-30 16:56:35.076016,713,650,False
2024-11-30 16:56:36.076016,5,587,False
2024-11-30 16:56:37.076016,1490,773,False
2024-11-30 16:56:38.076016,872,243,False
2024-11-30 16:56:39.076016,224,612,False
2024-11-30 16:56:40.076016,696,222,False
2024-11-30 16:56:41.076016,145,685,False
2024-11-30 16:56:42.076016,1429,302,False
2024-11-30 16:56:43.076016,140,617,False
2024-11-30 16:56:44.076016,1025,950,False
2024-11-30 16:56:45.076016,1653,422,False
2024-11-30 16:56:46.076016,1343,55,False
2024-11-30 16:56:47.076016,1852,861,False
2024-11-30 16:56:48.076016,851,998,False
2024-11-30 16:56:49.076016,1273,1036,False
2024-11-30 16:56:50.076016,607,217,False
2024-11-30 16:56:51.076016,925,492,False
2024-11-30 16:56:52.076016,350,1061,False
2024-11-30 16:56:53.076016,987,481,False
2024-11-30 16:56:54.076016,1248,1043,False
2024-11-30 16:56:55.076016,414,519,False
2024-11-30 16:56:56.076016,670,946,False
2024-11-30 16:56:57.076016,827,374,False
2024-11-30 16:56:58.076016,430,30,False
2024-11-30 16:56:59.076016,18,545,False
2024-11-30 16:57:00.076016,1860,476,False
2024-11-30 16:57:01.076016,985,961,False
2024-11-30 16:57:02.076016,1640,434,False
2024-11-30 16:57:03.076016,93,734,False
2024-11-30 16:57:04.076016,1605,57,False
2024-11-30 16:57:05.076016,646,511,False
2024-11-30 16:57:06.076016,1302,190,False
2024-11-30 16:57:07.076016,1820,129,False
2024-11-30 16:57:08.076016,594,851,False
2024-11-30 16:57:09.076016,339,677,False
2024-11-30 16:57:10.076016,1225,103,False
2024-11-30 16:57:11.076016,429,758,True
2024-11-30 16:57:12.076016,1573,705,False
2024-11-30 16:57:13.076016,736,136,False
2024-11-30 16:57:14.076016,1135,950,False
2024-11-30 16:57:15.076016,1424,44,False
2024-11-30 16:57:16.076016,277,336,False
2024-11-30 16:57:17.076016,377,1014,False
2024-11-30 16:57:18.076016,1327,955,True
2024-11-30 16:57:19.076016,1163,229,False
2024-11-30 16:57:20.076016,381,107,True
2024-11-30 16:57:21.076016,1505,459,False
2024-11-30 16:57:22.076016,618,288,False
2024-11-30 16:57:23.076016,983,152,False
2024-11-30 16:57:24.076016,1266,1043,False
2024-11-30 16:57:25.076016,1054,523,False
2024-11-30 16:57:26.076016,1138,376,False
2024-11-30 16:57:27.076016,1808,232,False
2024-11-30 16:57:28.076016,1000,283,False
2024-11-30 16:57:29.076016,1201,165,True
2024-11-30 16:57:30.076016,1553,371,False
2024-11-30 16:57:31.076016,414,819,False
2024-11-30 16:57:32.076016,1574,666,False
2024-11-30 16:57:33.076016,805,646,True
2024-11-30 16:57:34.076016,1302,789,False
2024-11-30 16:57:35.076016,1391,438,True
2024-11-30 16:57:36.076016,1259,984,False
2024-11-30 16:57:37.076016,1862,713,False
2024-11-30 16:57:38.076016,1219,920,True
2024-11-30 16:57:39.076016,1408,504,False
2024-11-30 16:57:40.076016,444,87,False
2024-11-30 16:57:41.076016,1579,643,False
2024-11-30 16:57:42.076016,175,1018,False
2024-11-30 16:57:43.076016,1720,367,False
2024-11-30 16:57:44.076016,792,686,False
2024-11-30 16:57:45.076016,855,953,False
2024-11-30 16:57:46.076016,380,660,False
